ID,Name,Nexus_File,rooted,type,method,scaling,Source
summary,con_50_majrule,summary.trees,true,summary,bayesian,substitutions,Sicoli2014
posterior-1,gen.1352500,posterior.trees,true,sample,bayesian,substitutions,Sicoli2014
posterior-2,gen.520000,posterior.trees,true,sample,bayesian,substitutions,Sicoli2014
posterior-3,gen.1111000,posterior.trees,true,sample,bayesian,substitutions,Sicoli2014
posterior-4,gen.1254000,posterior.trees,true,sample,bayesian,substitutions,Sicoli2014
posterior-5,gen.896000,posterior.trees,true,sample,bayesian,substitutions,Sicoli2014
posterior-6,gen.1052500,posterior.trees,true,sample,bayesian,substitutions,Sicoli2014
posterior-7,gen.1658500,posterior.trees,true,sample,bayesian,substitutions,Sicoli2014
posterior-8,gen.1392500,posterior.trees,true,sample,bayesian,substitutions,Sicoli2014
posterior-9,gen.830500,posterior.trees,true,sample,bayesian,substitutions,Sicoli2014
posterior-10,gen.1263500,posterior.trees,true,sample,bayesian,substitutions,Sicoli2014
posterior-11,gen.753500,posterior.trees,true,sample,bayesian,substitutions,Sicoli2014
posterior-12,gen.1386000,posterior.trees,true,sample,bayesian,substitutions,Sicoli2014
posterior-13,gen.1034000,posterior.trees,true,sample,bayesian,substitutions,Sicoli2014
posterior-14,gen.1650500,posterior.trees,true,sample,bayesian,substitutions,Sicoli2014
posterior-15,gen.1784000,posterior.trees,true,sample,bayesian,substitutions,Sicoli2014
posterior-16,gen.856500,posterior.trees,true,sample,bayesian,substitutions,Sicoli2014
posterior-17,gen.1752000,posterior.trees,true,sample,bayesian,substitutions,Sicoli2014
posterior-18,gen.1632000,posterior.trees,true,sample,bayesian,substitutions,Sicoli2014
posterior-19,gen.882000,posterior.trees,true,sample,bayesian,substitutions,Sicoli2014
posterior-20,gen.1226000,posterior.trees,true,sample,bayesian,substitutions,Sicoli2014
posterior-21,gen.686000,posterior.trees,true,sample,bayesian,substitutions,Sicoli2014
posterior-22,gen.1587000,posterior.trees,true,sample,bayesian,substitutions,Sicoli2014
posterior-23,gen.1343500,posterior.trees,true,sample,bayesian,substitutions,Sicoli2014
posterior-24,gen.1697500,posterior.trees,true,sample,bayesian,substitutions,Sicoli2014
posterior-25,gen.1531500,posterior.trees,true,sample,bayesian,substitutions,Sicoli2014
posterior-26,gen.840500,posterior.trees,true,sample,bayesian,substitutions,Sicoli2014
posterior-27,gen.802500,posterior.trees,true,sample,bayesian,substitutions,Sicoli2014
posterior-28,gen.920500,posterior.trees,true,sample,bayesian,substitutions,Sicoli2014
posterior-29,gen.1971500,posterior.trees,true,sample,bayesian,substitutions,Sicoli2014
posterior-30,gen.658500,posterior.trees,true,sample,bayesian,substitutions,Sicoli2014
posterior-31,gen.888500,posterior.trees,true,sample,bayesian,substitutions,Sicoli2014
posterior-32,gen.1199000,posterior.trees,true,sample,bayesian,substitutions,Sicoli2014
posterior-33,gen.1159000,posterior.trees,true,sample,bayesian,substitutions,Sicoli2014
posterior-34,gen.547500,posterior.trees,true,sample,bayesian,substitutions,Sicoli2014
posterior-35,gen.1439000,posterior.trees,true,sample,bayesian,substitutions,Sicoli2014
posterior-36,gen.1194500,posterior.trees,true,sample,bayesian,substitutions,Sicoli2014
posterior-37,gen.554500,posterior.trees,true,sample,bayesian,substitutions,Sicoli2014
posterior-38,gen.1545000,posterior.trees,true,sample,bayesian,substitutions,Sicoli2014
posterior-39,gen.1914000,posterior.trees,true,sample,bayesian,substitutions,Sicoli2014
posterior-40,gen.1350000,posterior.trees,true,sample,bayesian,substitutions,Sicoli2014
posterior-41,gen.506500,posterior.trees,true,sample,bayesian,substitutions,Sicoli2014
posterior-42,gen.513000,posterior.trees,true,sample,bayesian,substitutions,Sicoli2014
posterior-43,gen.1859000,posterior.trees,true,sample,bayesian,substitutions,Sicoli2014
posterior-44,gen.834500,posterior.trees,true,sample,bayesian,substitutions,Sicoli2014
posterior-45,gen.1687500,posterior.trees,true,sample,bayesian,substitutions,Sicoli2014
posterior-46,gen.865500,posterior.trees,true,sample,bayesian,substitutions,Sicoli2014
posterior-47,gen.1086000,posterior.trees,true,sample,bayesian,substitutions,Sicoli2014
posterior-48,gen.703000,posterior.trees,true,sample,bayesian,substitutions,Sicoli2014
posterior-49,gen.1835500,posterior.trees,true,sample,bayesian,substitutions,Sicoli2014
posterior-50,gen.1348000,posterior.trees,true,sample,bayesian,substitutions,Sicoli2014
posterior-51,gen.716000,posterior.trees,true,sample,bayesian,substitutions,Sicoli2014
posterior-52,gen.1895000,posterior.trees,true,sample,bayesian,substitutions,Sicoli2014
posterior-53,gen.1683000,posterior.trees,true,sample,bayesian,substitutions,Sicoli2014
posterior-54,gen.871500,posterior.trees,true,sample,bayesian,substitutions,Sicoli2014
posterior-55,gen.1267500,posterior.trees,true,sample,bayesian,substitutions,Sicoli2014
posterior-56,gen.975500,posterior.trees,true,sample,bayesian,substitutions,Sicoli2014
posterior-57,gen.1571500,posterior.trees,true,sample,bayesian,substitutions,Sicoli2014
posterior-58,gen.1720000,posterior.trees,true,sample,bayesian,substitutions,Sicoli2014
posterior-59,gen.1952000,posterior.trees,true,sample,bayesian,substitutions,Sicoli2014
posterior-60,gen.1175000,posterior.trees,true,sample,bayesian,substitutions,Sicoli2014
posterior-61,gen.581500,posterior.trees,true,sample,bayesian,substitutions,Sicoli2014
posterior-62,gen.975000,posterior.trees,true,sample,bayesian,substitutions,Sicoli2014
posterior-63,gen.744500,posterior.trees,true,sample,bayesian,substitutions,Sicoli2014
posterior-64,gen.1521500,posterior.trees,true,sample,bayesian,substitutions,Sicoli2014
posterior-65,gen.942500,posterior.trees,true,sample,bayesian,substitutions,Sicoli2014
posterior-66,gen.1636000,posterior.trees,true,sample,bayesian,substitutions,Sicoli2014
posterior-67,gen.1871000,posterior.trees,true,sample,bayesian,substitutions,Sicoli2014
posterior-68,gen.880000,posterior.trees,true,sample,bayesian,substitutions,Sicoli2014
posterior-69,gen.1027000,posterior.trees,true,sample,bayesian,substitutions,Sicoli2014
posterior-70,gen.1704500,posterior.trees,true,sample,bayesian,substitutions,Sicoli2014
posterior-71,gen.1387500,posterior.trees,true,sample,bayesian,substitutions,Sicoli2014
posterior-72,gen.1560500,posterior.trees,true,sample,bayesian,substitutions,Sicoli2014
posterior-73,gen.765000,posterior.trees,true,sample,bayesian,substitutions,Sicoli2014
posterior-74,gen.584500,posterior.trees,true,sample,bayesian,substitutions,Sicoli2014
posterior-75,gen.835500,posterior.trees,true,sample,bayesian,substitutions,Sicoli2014
posterior-76,gen.1116500,posterior.trees,true,sample,bayesian,substitutions,Sicoli2014
posterior-77,gen.518500,posterior.trees,true,sample,bayesian,substitutions,Sicoli2014
posterior-78,gen.807000,posterior.trees,true,sample,bayesian,substitutions,Sicoli2014
posterior-79,gen.968500,posterior.trees,true,sample,bayesian,substitutions,Sicoli2014
posterior-80,gen.1215500,posterior.trees,true,sample,bayesian,substitutions,Sicoli2014
posterior-81,gen.1603500,posterior.trees,true,sample,bayesian,substitutions,Sicoli2014
posterior-82,gen.1199500,posterior.trees,true,sample,bayesian,substitutions,Sicoli2014
posterior-83,gen.820500,posterior.trees,true,sample,bayesian,substitutions,Sicoli2014
posterior-84,gen.1290000,posterior.trees,true,sample,bayesian,substitutions,Sicoli2014
posterior-85,gen.1162500,posterior.trees,true,sample,bayesian,substitutions,Sicoli2014
posterior-86,gen.525500,posterior.trees,true,sample,bayesian,substitutions,Sicoli2014
posterior-87,gen.600500,posterior.trees,true,sample,bayesian,substitutions,Sicoli2014
posterior-88,gen.624000,posterior.trees,true,sample,bayesian,substitutions,Sicoli2014
posterior-89,gen.1411000,posterior.trees,true,sample,bayesian,substitutions,Sicoli2014
posterior-90,gen.660000,posterior.trees,true,sample,bayesian,substitutions,Sicoli2014
posterior-91,gen.1294000,posterior.trees,true,sample,bayesian,substitutions,Sicoli2014
posterior-92,gen.867000,posterior.trees,true,sample,bayesian,substitutions,Sicoli2014
posterior-93,gen.523000,posterior.trees,true,sample,bayesian,substitutions,Sicoli2014
posterior-94,gen.1252500,posterior.trees,true,sample,bayesian,substitutions,Sicoli2014
posterior-95,gen.940500,posterior.trees,true,sample,bayesian,substitutions,Sicoli2014
posterior-96,gen.1889000,posterior.trees,true,sample,bayesian,substitutions,Sicoli2014
posterior-97,gen.1549000,posterior.trees,true,sample,bayesian,substitutions,Sicoli2014
posterior-98,gen.748000,posterior.trees,true,sample,bayesian,substitutions,Sicoli2014
posterior-99,gen.1484000,posterior.trees,true,sample,bayesian,substitutions,Sicoli2014
posterior-100,gen.1773000,posterior.trees,true,sample,bayesian,substitutions,Sicoli2014
posterior-101,gen.625500,posterior.trees,true,sample,bayesian,substitutions,Sicoli2014
posterior-102,gen.527500,posterior.trees,true,sample,bayesian,substitutions,Sicoli2014
posterior-103,gen.1781500,posterior.trees,true,sample,bayesian,substitutions,Sicoli2014
posterior-104,gen.1506500,posterior.trees,true,sample,bayesian,substitutions,Sicoli2014
posterior-105,gen.1166500,posterior.trees,true,sample,bayesian,substitutions,Sicoli2014
posterior-106,gen.1748500,posterior.trees,true,sample,bayesian,substitutions,Sicoli2014
posterior-107,gen.1361000,posterior.trees,true,sample,bayesian,substitutions,Sicoli2014
posterior-108,gen.1625500,posterior.trees,true,sample,bayesian,substitutions,Sicoli2014
posterior-109,gen.912000,posterior.trees,true,sample,bayesian,substitutions,Sicoli2014
posterior-110,gen.1245500,posterior.trees,true,sample,bayesian,substitutions,Sicoli2014
posterior-111,gen.1857000,posterior.trees,true,sample,bayesian,substitutions,Sicoli2014
posterior-112,gen.1930000,posterior.trees,true,sample,bayesian,substitutions,Sicoli2014
posterior-113,gen.743500,posterior.trees,true,sample,bayesian,substitutions,Sicoli2014
posterior-114,gen.1639000,posterior.trees,true,sample,bayesian,substitutions,Sicoli2014
posterior-115,gen.806000,posterior.trees,true,sample,bayesian,substitutions,Sicoli2014
posterior-116,gen.663000,posterior.trees,true,sample,bayesian,substitutions,Sicoli2014
posterior-117,gen.1513000,posterior.trees,true,sample,bayesian,substitutions,Sicoli2014
posterior-118,gen.837000,posterior.trees,true,sample,bayesian,substitutions,Sicoli2014
posterior-119,gen.1186500,posterior.trees,true,sample,bayesian,substitutions,Sicoli2014
posterior-120,gen.971500,posterior.trees,true,sample,bayesian,substitutions,Sicoli2014
posterior-121,gen.915500,posterior.trees,true,sample,bayesian,substitutions,Sicoli2014
posterior-122,gen.834000,posterior.trees,true,sample,bayesian,substitutions,Sicoli2014
posterior-123,gen.832500,posterior.trees,true,sample,bayesian,substitutions,Sicoli2014
posterior-124,gen.1089500,posterior.trees,true,sample,bayesian,substitutions,Sicoli2014
posterior-125,gen.806500,posterior.trees,true,sample,bayesian,substitutions,Sicoli2014
posterior-126,gen.1599500,posterior.trees,true,sample,bayesian,substitutions,Sicoli2014
posterior-127,gen.685000,posterior.trees,true,sample,bayesian,substitutions,Sicoli2014
posterior-128,gen.1563500,posterior.trees,true,sample,bayesian,substitutions,Sicoli2014
posterior-129,gen.1924000,posterior.trees,true,sample,bayesian,substitutions,Sicoli2014
posterior-130,gen.506000,posterior.trees,true,sample,bayesian,substitutions,Sicoli2014
posterior-131,gen.799500,posterior.trees,true,sample,bayesian,substitutions,Sicoli2014
posterior-132,gen.1935500,posterior.trees,true,sample,bayesian,substitutions,Sicoli2014
posterior-133,gen.1846000,posterior.trees,true,sample,bayesian,substitutions,Sicoli2014
posterior-134,gen.1515000,posterior.trees,true,sample,bayesian,substitutions,Sicoli2014
posterior-135,gen.878000,posterior.trees,true,sample,bayesian,substitutions,Sicoli2014
posterior-136,gen.1743500,posterior.trees,true,sample,bayesian,substitutions,Sicoli2014
posterior-137,gen.695500,posterior.trees,true,sample,bayesian,substitutions,Sicoli2014
posterior-138,gen.1040500,posterior.trees,true,sample,bayesian,substitutions,Sicoli2014
posterior-139,gen.1534000,posterior.trees,true,sample,bayesian,substitutions,Sicoli2014
posterior-140,gen.1331000,posterior.trees,true,sample,bayesian,substitutions,Sicoli2014
posterior-141,gen.634500,posterior.trees,true,sample,bayesian,substitutions,Sicoli2014
posterior-142,gen.1443000,posterior.trees,true,sample,bayesian,substitutions,Sicoli2014
posterior-143,gen.2000000,posterior.trees,true,sample,bayesian,substitutions,Sicoli2014
posterior-144,gen.872000,posterior.trees,true,sample,bayesian,substitutions,Sicoli2014
posterior-145,gen.997500,posterior.trees,true,sample,bayesian,substitutions,Sicoli2014
posterior-146,gen.876500,posterior.trees,true,sample,bayesian,substitutions,Sicoli2014
posterior-147,gen.555000,posterior.trees,true,sample,bayesian,substitutions,Sicoli2014
posterior-148,gen.1263000,posterior.trees,true,sample,bayesian,substitutions,Sicoli2014
posterior-149,gen.1176000,posterior.trees,true,sample,bayesian,substitutions,Sicoli2014
posterior-150,gen.859500,posterior.trees,true,sample,bayesian,substitutions,Sicoli2014
posterior-151,gen.1307500,posterior.trees,true,sample,bayesian,substitutions,Sicoli2014
posterior-152,gen.863500,posterior.trees,true,sample,bayesian,substitutions,Sicoli2014
posterior-153,gen.864000,posterior.trees,true,sample,bayesian,substitutions,Sicoli2014
posterior-154,gen.1670000,posterior.trees,true,sample,bayesian,substitutions,Sicoli2014
posterior-155,gen.1892000,posterior.trees,true,sample,bayesian,substitutions,Sicoli2014
posterior-156,gen.1964500,posterior.trees,true,sample,bayesian,substitutions,Sicoli2014
posterior-157,gen.1009000,posterior.trees,true,sample,bayesian,substitutions,Sicoli2014
posterior-158,gen.1345500,posterior.trees,true,sample,bayesian,substitutions,Sicoli2014
posterior-159,gen.1550500,posterior.trees,true,sample,bayesian,substitutions,Sicoli2014
posterior-160,gen.1916000,posterior.trees,true,sample,bayesian,substitutions,Sicoli2014
posterior-161,gen.1354500,posterior.trees,true,sample,bayesian,substitutions,Sicoli2014
posterior-162,gen.1165000,posterior.trees,true,sample,bayesian,substitutions,Sicoli2014
posterior-163,gen.745500,posterior.trees,true,sample,bayesian,substitutions,Sicoli2014
posterior-164,gen.638000,posterior.trees,true,sample,bayesian,substitutions,Sicoli2014
posterior-165,gen.1817500,posterior.trees,true,sample,bayesian,substitutions,Sicoli2014
posterior-166,gen.1442500,posterior.trees,true,sample,bayesian,substitutions,Sicoli2014
posterior-167,gen.898500,posterior.trees,true,sample,bayesian,substitutions,Sicoli2014
posterior-168,gen.1785500,posterior.trees,true,sample,bayesian,substitutions,Sicoli2014
posterior-169,gen.1771500,posterior.trees,true,sample,bayesian,substitutions,Sicoli2014
posterior-170,gen.1669000,posterior.trees,true,sample,bayesian,substitutions,Sicoli2014
posterior-171,gen.912500,posterior.trees,true,sample,bayesian,substitutions,Sicoli2014
posterior-172,gen.776000,posterior.trees,true,sample,bayesian,substitutions,Sicoli2014
posterior-173,gen.1586500,posterior.trees,true,sample,bayesian,substitutions,Sicoli2014
posterior-174,gen.977000,posterior.trees,true,sample,bayesian,substitutions,Sicoli2014
posterior-175,gen.1175500,posterior.trees,true,sample,bayesian,substitutions,Sicoli2014
posterior-176,gen.1662000,posterior.trees,true,sample,bayesian,substitutions,Sicoli2014
posterior-177,gen.1098000,posterior.trees,true,sample,bayesian,substitutions,Sicoli2014
posterior-178,gen.756000,posterior.trees,true,sample,bayesian,substitutions,Sicoli2014
posterior-179,gen.1601500,posterior.trees,true,sample,bayesian,substitutions,Sicoli2014
posterior-180,gen.1544500,posterior.trees,true,sample,bayesian,substitutions,Sicoli2014
posterior-181,gen.1873500,posterior.trees,true,sample,bayesian,substitutions,Sicoli2014
posterior-182,gen.620500,posterior.trees,true,sample,bayesian,substitutions,Sicoli2014
posterior-183,gen.1031500,posterior.trees,true,sample,bayesian,substitutions,Sicoli2014
posterior-184,gen.1373500,posterior.trees,true,sample,bayesian,substitutions,Sicoli2014
posterior-185,gen.589500,posterior.trees,true,sample,bayesian,substitutions,Sicoli2014
posterior-186,gen.1244500,posterior.trees,true,sample,bayesian,substitutions,Sicoli2014
posterior-187,gen.1557500,posterior.trees,true,sample,bayesian,substitutions,Sicoli2014
posterior-188,gen.1597000,posterior.trees,true,sample,bayesian,substitutions,Sicoli2014
posterior-189,gen.1675000,posterior.trees,true,sample,bayesian,substitutions,Sicoli2014
posterior-190,gen.719500,posterior.trees,true,sample,bayesian,substitutions,Sicoli2014
posterior-191,gen.1788000,posterior.trees,true,sample,bayesian,substitutions,Sicoli2014
posterior-192,gen.638500,posterior.trees,true,sample,bayesian,substitutions,Sicoli2014
posterior-193,gen.819000,posterior.trees,true,sample,bayesian,substitutions,Sicoli2014
posterior-194,gen.1259500,posterior.trees,true,sample,bayesian,substitutions,Sicoli2014
posterior-195,gen.1799500,posterior.trees,true,sample,bayesian,substitutions,Sicoli2014
posterior-196,gen.571500,posterior.trees,true,sample,bayesian,substitutions,Sicoli2014
posterior-197,gen.1062500,posterior.trees,true,sample,bayesian,substitutions,Sicoli2014
posterior-198,gen.1408500,posterior.trees,true,sample,bayesian,substitutions,Sicoli2014
posterior-199,gen.1254500,posterior.trees,true,sample,bayesian,substitutions,Sicoli2014
posterior-200,gen.1322000,posterior.trees,true,sample,bayesian,substitutions,Sicoli2014
posterior-201,gen.1128500,posterior.trees,true,sample,bayesian,substitutions,Sicoli2014
posterior-202,gen.1419000,posterior.trees,true,sample,bayesian,substitutions,Sicoli2014
posterior-203,gen.1749500,posterior.trees,true,sample,bayesian,substitutions,Sicoli2014
posterior-204,gen.1931500,posterior.trees,true,sample,bayesian,substitutions,Sicoli2014
posterior-205,gen.1138000,posterior.trees,true,sample,bayesian,substitutions,Sicoli2014
posterior-206,gen.1508000,posterior.trees,true,sample,bayesian,substitutions,Sicoli2014
posterior-207,gen.1483000,posterior.trees,true,sample,bayesian,substitutions,Sicoli2014
posterior-208,gen.602500,posterior.trees,true,sample,bayesian,substitutions,Sicoli2014
posterior-209,gen.1042000,posterior.trees,true,sample,bayesian,substitutions,Sicoli2014
posterior-210,gen.1412000,posterior.trees,true,sample,bayesian,substitutions,Sicoli2014
posterior-211,gen.559500,posterior.trees,true,sample,bayesian,substitutions,Sicoli2014
posterior-212,gen.949000,posterior.trees,true,sample,bayesian,substitutions,Sicoli2014
posterior-213,gen.1206000,posterior.trees,true,sample,bayesian,substitutions,Sicoli2014
posterior-214,gen.778000,posterior.trees,true,sample,bayesian,substitutions,Sicoli2014
posterior-215,gen.503500,posterior.trees,true,sample,bayesian,substitutions,Sicoli2014
posterior-216,gen.1884000,posterior.trees,true,sample,bayesian,substitutions,Sicoli2014
posterior-217,gen.1780500,posterior.trees,true,sample,bayesian,substitutions,Sicoli2014
posterior-218,gen.669500,posterior.trees,true,sample,bayesian,substitutions,Sicoli2014
posterior-219,gen.562000,posterior.trees,true,sample,bayesian,substitutions,Sicoli2014
posterior-220,gen.726500,posterior.trees,true,sample,bayesian,substitutions,Sicoli2014
posterior-221,gen.1733000,posterior.trees,true,sample,bayesian,substitutions,Sicoli2014
posterior-222,gen.884000,posterior.trees,true,sample,bayesian,substitutions,Sicoli2014
posterior-223,gen.1312000,posterior.trees,true,sample,bayesian,substitutions,Sicoli2014
posterior-224,gen.1504000,posterior.trees,true,sample,bayesian,substitutions,Sicoli2014
posterior-225,gen.1973500,posterior.trees,true,sample,bayesian,substitutions,Sicoli2014
posterior-226,gen.1057500,posterior.trees,true,sample,bayesian,substitutions,Sicoli2014
posterior-227,gen.1214500,posterior.trees,true,sample,bayesian,substitutions,Sicoli2014
posterior-228,gen.926500,posterior.trees,true,sample,bayesian,substitutions,Sicoli2014
posterior-229,gen.1114000,posterior.trees,true,sample,bayesian,substitutions,Sicoli2014
posterior-230,gen.1145000,posterior.trees,true,sample,bayesian,substitutions,Sicoli2014
posterior-231,gen.1294500,posterior.trees,true,sample,bayesian,substitutions,Sicoli2014
posterior-232,gen.654000,posterior.trees,true,sample,bayesian,substitutions,Sicoli2014
posterior-233,gen.1762500,posterior.trees,true,sample,bayesian,substitutions,Sicoli2014
posterior-234,gen.1115500,posterior.trees,true,sample,bayesian,substitutions,Sicoli2014
posterior-235,gen.1253500,posterior.trees,true,sample,bayesian,substitutions,Sicoli2014
posterior-236,gen.582000,posterior.trees,true,sample,bayesian,substitutions,Sicoli2014
posterior-237,gen.1358000,posterior.trees,true,sample,bayesian,substitutions,Sicoli2014
posterior-238,gen.888000,posterior.trees,true,sample,bayesian,substitutions,Sicoli2014
posterior-239,gen.828000,posterior.trees,true,sample,bayesian,substitutions,Sicoli2014
posterior-240,gen.667000,posterior.trees,true,sample,bayesian,substitutions,Sicoli2014
posterior-241,gen.792000,posterior.trees,true,sample,bayesian,substitutions,Sicoli2014
posterior-242,gen.1127000,posterior.trees,true,sample,bayesian,substitutions,Sicoli2014
posterior-243,gen.1969500,posterior.trees,true,sample,bayesian,substitutions,Sicoli2014
posterior-244,gen.1181000,posterior.trees,true,sample,bayesian,substitutions,Sicoli2014
posterior-245,gen.1368000,posterior.trees,true,sample,bayesian,substitutions,Sicoli2014
posterior-246,gen.910500,posterior.trees,true,sample,bayesian,substitutions,Sicoli2014
posterior-247,gen.1949500,posterior.trees,true,sample,bayesian,substitutions,Sicoli2014
posterior-248,gen.1943000,posterior.trees,true,sample,bayesian,substitutions,Sicoli2014
posterior-249,gen.732000,posterior.trees,true,sample,bayesian,substitutions,Sicoli2014
posterior-250,gen.1552000,posterior.trees,true,sample,bayesian,substitutions,Sicoli2014
posterior-251,gen.564000,posterior.trees,true,sample,bayesian,substitutions,Sicoli2014
posterior-252,gen.1197500,posterior.trees,true,sample,bayesian,substitutions,Sicoli2014
posterior-253,gen.1302500,posterior.trees,true,sample,bayesian,substitutions,Sicoli2014
posterior-254,gen.1153500,posterior.trees,true,sample,bayesian,substitutions,Sicoli2014
posterior-255,gen.583000,posterior.trees,true,sample,bayesian,substitutions,Sicoli2014
posterior-256,gen.993500,posterior.trees,true,sample,bayesian,substitutions,Sicoli2014
posterior-257,gen.703500,posterior.trees,true,sample,bayesian,substitutions,Sicoli2014
posterior-258,gen.1492000,posterior.trees,true,sample,bayesian,substitutions,Sicoli2014
posterior-259,gen.803500,posterior.trees,true,sample,bayesian,substitutions,Sicoli2014
posterior-260,gen.1684000,posterior.trees,true,sample,bayesian,substitutions,Sicoli2014
posterior-261,gen.921500,posterior.trees,true,sample,bayesian,substitutions,Sicoli2014
posterior-262,gen.1030000,posterior.trees,true,sample,bayesian,substitutions,Sicoli2014
posterior-263,gen.1666500,posterior.trees,true,sample,bayesian,substitutions,Sicoli2014
posterior-264,gen.1589500,posterior.trees,true,sample,bayesian,substitutions,Sicoli2014
posterior-265,gen.1234500,posterior.trees,true,sample,bayesian,substitutions,Sicoli2014
posterior-266,gen.823500,posterior.trees,true,sample,bayesian,substitutions,Sicoli2014
posterior-267,gen.1081000,posterior.trees,true,sample,bayesian,substitutions,Sicoli2014
posterior-268,gen.577000,posterior.trees,true,sample,bayesian,substitutions,Sicoli2014
posterior-269,gen.687000,posterior.trees,true,sample,bayesian,substitutions,Sicoli2014
posterior-270,gen.691500,posterior.trees,true,sample,bayesian,substitutions,Sicoli2014
posterior-271,gen.1580000,posterior.trees,true,sample,bayesian,substitutions,Sicoli2014
posterior-272,gen.924000,posterior.trees,true,sample,bayesian,substitutions,Sicoli2014
posterior-273,gen.1624500,posterior.trees,true,sample,bayesian,substitutions,Sicoli2014
posterior-274,gen.1532000,posterior.trees,true,sample,bayesian,substitutions,Sicoli2014
posterior-275,gen.1845500,posterior.trees,true,sample,bayesian,substitutions,Sicoli2014
posterior-276,gen.1339000,posterior.trees,true,sample,bayesian,substitutions,Sicoli2014
posterior-277,gen.1572500,posterior.trees,true,sample,bayesian,substitutions,Sicoli2014
posterior-278,gen.530500,posterior.trees,true,sample,bayesian,substitutions,Sicoli2014
posterior-279,gen.1564000,posterior.trees,true,sample,bayesian,substitutions,Sicoli2014
posterior-280,gen.809500,posterior.trees,true,sample,bayesian,substitutions,Sicoli2014
posterior-281,gen.1965500,posterior.trees,true,sample,bayesian,substitutions,Sicoli2014
posterior-282,gen.1588000,posterior.trees,true,sample,bayesian,substitutions,Sicoli2014
posterior-283,gen.1165500,posterior.trees,true,sample,bayesian,substitutions,Sicoli2014
posterior-284,gen.1703500,posterior.trees,true,sample,bayesian,substitutions,Sicoli2014
posterior-285,gen.1978500,posterior.trees,true,sample,bayesian,substitutions,Sicoli2014
posterior-286,gen.1436000,posterior.trees,true,sample,bayesian,substitutions,Sicoli2014
posterior-287,gen.1348500,posterior.trees,true,sample,bayesian,substitutions,Sicoli2014
posterior-288,gen.1399500,posterior.trees,true,sample,bayesian,substitutions,Sicoli2014
posterior-289,gen.549500,posterior.trees,true,sample,bayesian,substitutions,Sicoli2014
posterior-290,gen.1260500,posterior.trees,true,sample,bayesian,substitutions,Sicoli2014
posterior-291,gen.555500,posterior.trees,true,sample,bayesian,substitutions,Sicoli2014
posterior-292,gen.1295000,posterior.trees,true,sample,bayesian,substitutions,Sicoli2014
posterior-293,gen.1223500,posterior.trees,true,sample,bayesian,substitutions,Sicoli2014
posterior-294,gen.1607000,posterior.trees,true,sample,bayesian,substitutions,Sicoli2014
posterior-295,gen.1847000,posterior.trees,true,sample,bayesian,substitutions,Sicoli2014
posterior-296,gen.1716500,posterior.trees,true,sample,bayesian,substitutions,Sicoli2014
posterior-297,gen.534000,posterior.trees,true,sample,bayesian,substitutions,Sicoli2014
posterior-298,gen.1153000,posterior.trees,true,sample,bayesian,substitutions,Sicoli2014
posterior-299,gen.1462500,posterior.trees,true,sample,bayesian,substitutions,Sicoli2014
posterior-300,gen.1395500,posterior.trees,true,sample,bayesian,substitutions,Sicoli2014
posterior-301,gen.593000,posterior.trees,true,sample,bayesian,substitutions,Sicoli2014
posterior-302,gen.1152500,posterior.trees,true,sample,bayesian,substitutions,Sicoli2014
posterior-303,gen.1140500,posterior.trees,true,sample,bayesian,substitutions,Sicoli2014
posterior-304,gen.1297000,posterior.trees,true,sample,bayesian,substitutions,Sicoli2014
posterior-305,gen.1110500,posterior.trees,true,sample,bayesian,substitutions,Sicoli2014
posterior-306,gen.1911500,posterior.trees,true,sample,bayesian,substitutions,Sicoli2014
posterior-307,gen.1277000,posterior.trees,true,sample,bayesian,substitutions,Sicoli2014
posterior-308,gen.1657000,posterior.trees,true,sample,bayesian,substitutions,Sicoli2014
posterior-309,gen.1774000,posterior.trees,true,sample,bayesian,substitutions,Sicoli2014
posterior-310,gen.615500,posterior.trees,true,sample,bayesian,substitutions,Sicoli2014
posterior-311,gen.1667000,posterior.trees,true,sample,bayesian,substitutions,Sicoli2014
posterior-312,gen.724000,posterior.trees,true,sample,bayesian,substitutions,Sicoli2014
posterior-313,gen.1495000,posterior.trees,true,sample,bayesian,substitutions,Sicoli2014
posterior-314,gen.742500,posterior.trees,true,sample,bayesian,substitutions,Sicoli2014
posterior-315,gen.696500,posterior.trees,true,sample,bayesian,substitutions,Sicoli2014
posterior-316,gen.1758500,posterior.trees,true,sample,bayesian,substitutions,Sicoli2014
posterior-317,gen.856000,posterior.trees,true,sample,bayesian,substitutions,Sicoli2014
posterior-318,gen.567500,posterior.trees,true,sample,bayesian,substitutions,Sicoli2014
posterior-319,gen.604000,posterior.trees,true,sample,bayesian,substitutions,Sicoli2014
posterior-320,gen.1132000,posterior.trees,true,sample,bayesian,substitutions,Sicoli2014
posterior-321,gen.1968000,posterior.trees,true,sample,bayesian,substitutions,Sicoli2014
posterior-322,gen.1574500,posterior.trees,true,sample,bayesian,substitutions,Sicoli2014
posterior-323,gen.697000,posterior.trees,true,sample,bayesian,substitutions,Sicoli2014
posterior-324,gen.1442000,posterior.trees,true,sample,bayesian,substitutions,Sicoli2014
posterior-325,gen.1968500,posterior.trees,true,sample,bayesian,substitutions,Sicoli2014
posterior-326,gen.1460000,posterior.trees,true,sample,bayesian,substitutions,Sicoli2014
posterior-327,gen.620000,posterior.trees,true,sample,bayesian,substitutions,Sicoli2014
posterior-328,gen.1366500,posterior.trees,true,sample,bayesian,substitutions,Sicoli2014
posterior-329,gen.950000,posterior.trees,true,sample,bayesian,substitutions,Sicoli2014
posterior-330,gen.954000,posterior.trees,true,sample,bayesian,substitutions,Sicoli2014
posterior-331,gen.1174000,posterior.trees,true,sample,bayesian,substitutions,Sicoli2014
posterior-332,gen.831500,posterior.trees,true,sample,bayesian,substitutions,Sicoli2014
posterior-333,gen.1284000,posterior.trees,true,sample,bayesian,substitutions,Sicoli2014
posterior-334,gen.1704000,posterior.trees,true,sample,bayesian,substitutions,Sicoli2014
posterior-335,gen.1612000,posterior.trees,true,sample,bayesian,substitutions,Sicoli2014
posterior-336,gen.994000,posterior.trees,true,sample,bayesian,substitutions,Sicoli2014
posterior-337,gen.1465000,posterior.trees,true,sample,bayesian,substitutions,Sicoli2014
posterior-338,gen.868500,posterior.trees,true,sample,bayesian,substitutions,Sicoli2014
posterior-339,gen.926000,posterior.trees,true,sample,bayesian,substitutions,Sicoli2014
posterior-340,gen.1633000,posterior.trees,true,sample,bayesian,substitutions,Sicoli2014
posterior-341,gen.1675500,posterior.trees,true,sample,bayesian,substitutions,Sicoli2014
posterior-342,gen.1628000,posterior.trees,true,sample,bayesian,substitutions,Sicoli2014
posterior-343,gen.1809500,posterior.trees,true,sample,bayesian,substitutions,Sicoli2014
posterior-344,gen.937500,posterior.trees,true,sample,bayesian,substitutions,Sicoli2014
posterior-345,gen.825500,posterior.trees,true,sample,bayesian,substitutions,Sicoli2014
posterior-346,gen.1432000,posterior.trees,true,sample,bayesian,substitutions,Sicoli2014
posterior-347,gen.529000,posterior.trees,true,sample,bayesian,substitutions,Sicoli2014
posterior-348,gen.1917000,posterior.trees,true,sample,bayesian,substitutions,Sicoli2014
posterior-349,gen.649000,posterior.trees,true,sample,bayesian,substitutions,Sicoli2014
posterior-350,gen.642000,posterior.trees,true,sample,bayesian,substitutions,Sicoli2014
posterior-351,gen.1647500,posterior.trees,true,sample,bayesian,substitutions,Sicoli2014
posterior-352,gen.749500,posterior.trees,true,sample,bayesian,substitutions,Sicoli2014
posterior-353,gen.692500,posterior.trees,true,sample,bayesian,substitutions,Sicoli2014
posterior-354,gen.1042500,posterior.trees,true,sample,bayesian,substitutions,Sicoli2014
posterior-355,gen.1660000,posterior.trees,true,sample,bayesian,substitutions,Sicoli2014
posterior-356,gen.982000,posterior.trees,true,sample,bayesian,substitutions,Sicoli2014
posterior-357,gen.936500,posterior.trees,true,sample,bayesian,substitutions,Sicoli2014
posterior-358,gen.1068000,posterior.trees,true,sample,bayesian,substitutions,Sicoli2014
posterior-359,gen.960500,posterior.trees,true,sample,bayesian,substitutions,Sicoli2014
posterior-360,gen.1518500,posterior.trees,true,sample,bayesian,substitutions,Sicoli2014
posterior-361,gen.1257500,posterior.trees,true,sample,bayesian,substitutions,Sicoli2014
posterior-362,gen.1414000,posterior.trees,true,sample,bayesian,substitutions,Sicoli2014
posterior-363,gen.1325500,posterior.trees,true,sample,bayesian,substitutions,Sicoli2014
posterior-364,gen.1993500,posterior.trees,true,sample,bayesian,substitutions,Sicoli2014
posterior-365,gen.1009500,posterior.trees,true,sample,bayesian,substitutions,Sicoli2014
posterior-366,gen.1422000,posterior.trees,true,sample,bayesian,substitutions,Sicoli2014
posterior-367,gen.1532500,posterior.trees,true,sample,bayesian,substitutions,Sicoli2014
posterior-368,gen.721500,posterior.trees,true,sample,bayesian,substitutions,Sicoli2014
posterior-369,gen.1922500,posterior.trees,true,sample,bayesian,substitutions,Sicoli2014
posterior-370,gen.561000,posterior.trees,true,sample,bayesian,substitutions,Sicoli2014
posterior-371,gen.1549500,posterior.trees,true,sample,bayesian,substitutions,Sicoli2014
posterior-372,gen.1605500,posterior.trees,true,sample,bayesian,substitutions,Sicoli2014
posterior-373,gen.1253000,posterior.trees,true,sample,bayesian,substitutions,Sicoli2014
posterior-374,gen.988500,posterior.trees,true,sample,bayesian,substitutions,Sicoli2014
posterior-375,gen.1318000,posterior.trees,true,sample,bayesian,substitutions,Sicoli2014
posterior-376,gen.1509500,posterior.trees,true,sample,bayesian,substitutions,Sicoli2014
posterior-377,gen.668000,posterior.trees,true,sample,bayesian,substitutions,Sicoli2014
posterior-378,gen.1362500,posterior.trees,true,sample,bayesian,substitutions,Sicoli2014
posterior-379,gen.1452500,posterior.trees,true,sample,bayesian,substitutions,Sicoli2014
posterior-380,gen.1890500,posterior.trees,true,sample,bayesian,substitutions,Sicoli2014
posterior-381,gen.1170500,posterior.trees,true,sample,bayesian,substitutions,Sicoli2014
posterior-382,gen.1818000,posterior.trees,true,sample,bayesian,substitutions,Sicoli2014
posterior-383,gen.1409000,posterior.trees,true,sample,bayesian,substitutions,Sicoli2014
posterior-384,gen.1121500,posterior.trees,true,sample,bayesian,substitutions,Sicoli2014
posterior-385,gen.1369000,posterior.trees,true,sample,bayesian,substitutions,Sicoli2014
posterior-386,gen.1659000,posterior.trees,true,sample,bayesian,substitutions,Sicoli2014
posterior-387,gen.754500,posterior.trees,true,sample,bayesian,substitutions,Sicoli2014
posterior-388,gen.850000,posterior.trees,true,sample,bayesian,substitutions,Sicoli2014
posterior-389,gen.945500,posterior.trees,true,sample,bayesian,substitutions,Sicoli2014
posterior-390,gen.1892500,posterior.trees,true,sample,bayesian,substitutions,Sicoli2014
posterior-391,gen.1287500,posterior.trees,true,sample,bayesian,substitutions,Sicoli2014
posterior-392,gen.1036500,posterior.trees,true,sample,bayesian,substitutions,Sicoli2014
posterior-393,gen.1667500,posterior.trees,true,sample,bayesian,substitutions,Sicoli2014
posterior-394,gen.1802500,posterior.trees,true,sample,bayesian,substitutions,Sicoli2014
posterior-395,gen.1925500,posterior.trees,true,sample,bayesian,substitutions,Sicoli2014
posterior-396,gen.1787500,posterior.trees,true,sample,bayesian,substitutions,Sicoli2014
posterior-397,gen.510500,posterior.trees,true,sample,bayesian,substitutions,Sicoli2014
posterior-398,gen.1557000,posterior.trees,true,sample,bayesian,substitutions,Sicoli2014
posterior-399,gen.1065000,posterior.trees,true,sample,bayesian,substitutions,Sicoli2014
posterior-400,gen.548000,posterior.trees,true,sample,bayesian,substitutions,Sicoli2014
posterior-401,gen.1481000,posterior.trees,true,sample,bayesian,substitutions,Sicoli2014
posterior-402,gen.1180000,posterior.trees,true,sample,bayesian,substitutions,Sicoli2014
posterior-403,gen.1792000,posterior.trees,true,sample,bayesian,substitutions,Sicoli2014
posterior-404,gen.1946000,posterior.trees,true,sample,bayesian,substitutions,Sicoli2014
posterior-405,gen.1923000,posterior.trees,true,sample,bayesian,substitutions,Sicoli2014
posterior-406,gen.1118000,posterior.trees,true,sample,bayesian,substitutions,Sicoli2014
posterior-407,gen.557000,posterior.trees,true,sample,bayesian,substitutions,Sicoli2014
posterior-408,gen.1313500,posterior.trees,true,sample,bayesian,substitutions,Sicoli2014
posterior-409,gen.1251000,posterior.trees,true,sample,bayesian,substitutions,Sicoli2014
posterior-410,gen.1953000,posterior.trees,true,sample,bayesian,substitutions,Sicoli2014
posterior-411,gen.1648500,posterior.trees,true,sample,bayesian,substitutions,Sicoli2014
posterior-412,gen.1012000,posterior.trees,true,sample,bayesian,substitutions,Sicoli2014
posterior-413,gen.971000,posterior.trees,true,sample,bayesian,substitutions,Sicoli2014
posterior-414,gen.688000,posterior.trees,true,sample,bayesian,substitutions,Sicoli2014
posterior-415,gen.917000,posterior.trees,true,sample,bayesian,substitutions,Sicoli2014
posterior-416,gen.1014000,posterior.trees,true,sample,bayesian,substitutions,Sicoli2014
posterior-417,gen.1645500,posterior.trees,true,sample,bayesian,substitutions,Sicoli2014
posterior-418,gen.511000,posterior.trees,true,sample,bayesian,substitutions,Sicoli2014
posterior-419,gen.533000,posterior.trees,true,sample,bayesian,substitutions,Sicoli2014
posterior-420,gen.809000,posterior.trees,true,sample,bayesian,substitutions,Sicoli2014
posterior-421,gen.1653000,posterior.trees,true,sample,bayesian,substitutions,Sicoli2014
posterior-422,gen.1691500,posterior.trees,true,sample,bayesian,substitutions,Sicoli2014
posterior-423,gen.772500,posterior.trees,true,sample,bayesian,substitutions,Sicoli2014
posterior-424,gen.1172000,posterior.trees,true,sample,bayesian,substitutions,Sicoli2014
posterior-425,gen.936000,posterior.trees,true,sample,bayesian,substitutions,Sicoli2014
posterior-426,gen.762000,posterior.trees,true,sample,bayesian,substitutions,Sicoli2014
posterior-427,gen.1747500,posterior.trees,true,sample,bayesian,substitutions,Sicoli2014
posterior-428,gen.1775000,posterior.trees,true,sample,bayesian,substitutions,Sicoli2014
posterior-429,gen.1879500,posterior.trees,true,sample,bayesian,substitutions,Sicoli2014
posterior-430,gen.1544000,posterior.trees,true,sample,bayesian,substitutions,Sicoli2014
posterior-431,gen.1084500,posterior.trees,true,sample,bayesian,substitutions,Sicoli2014
posterior-432,gen.558500,posterior.trees,true,sample,bayesian,substitutions,Sicoli2014
posterior-433,gen.929500,posterior.trees,true,sample,bayesian,substitutions,Sicoli2014
posterior-434,gen.1377500,posterior.trees,true,sample,bayesian,substitutions,Sicoli2014
posterior-435,gen.1305000,posterior.trees,true,sample,bayesian,substitutions,Sicoli2014
posterior-436,gen.1689000,posterior.trees,true,sample,bayesian,substitutions,Sicoli2014
posterior-437,gen.1321500,posterior.trees,true,sample,bayesian,substitutions,Sicoli2014
posterior-438,gen.1400500,posterior.trees,true,sample,bayesian,substitutions,Sicoli2014
posterior-439,gen.1668000,posterior.trees,true,sample,bayesian,substitutions,Sicoli2014
posterior-440,gen.1651000,posterior.trees,true,sample,bayesian,substitutions,Sicoli2014
posterior-441,gen.1072500,posterior.trees,true,sample,bayesian,substitutions,Sicoli2014
posterior-442,gen.1527500,posterior.trees,true,sample,bayesian,substitutions,Sicoli2014
posterior-443,gen.1077500,posterior.trees,true,sample,bayesian,substitutions,Sicoli2014
posterior-444,gen.1937500,posterior.trees,true,sample,bayesian,substitutions,Sicoli2014
posterior-445,gen.1826000,posterior.trees,true,sample,bayesian,substitutions,Sicoli2014
posterior-446,gen.1476500,posterior.trees,true,sample,bayesian,substitutions,Sicoli2014
posterior-447,gen.1487500,posterior.trees,true,sample,bayesian,substitutions,Sicoli2014
posterior-448,gen.824000,posterior.trees,true,sample,bayesian,substitutions,Sicoli2014
posterior-449,gen.1363500,posterior.trees,true,sample,bayesian,substitutions,Sicoli2014
posterior-450,gen.596500,posterior.trees,true,sample,bayesian,substitutions,Sicoli2014
posterior-451,gen.700500,posterior.trees,true,sample,bayesian,substitutions,Sicoli2014
posterior-452,gen.1944000,posterior.trees,true,sample,bayesian,substitutions,Sicoli2014
posterior-453,gen.1045000,posterior.trees,true,sample,bayesian,substitutions,Sicoli2014
posterior-454,gen.1144000,posterior.trees,true,sample,bayesian,substitutions,Sicoli2014
posterior-455,gen.1344500,posterior.trees,true,sample,bayesian,substitutions,Sicoli2014
posterior-456,gen.1303000,posterior.trees,true,sample,bayesian,substitutions,Sicoli2014
posterior-457,gen.1476000,posterior.trees,true,sample,bayesian,substitutions,Sicoli2014
posterior-458,gen.689000,posterior.trees,true,sample,bayesian,substitutions,Sicoli2014
posterior-459,gen.1297500,posterior.trees,true,sample,bayesian,substitutions,Sicoli2014
posterior-460,gen.747500,posterior.trees,true,sample,bayesian,substitutions,Sicoli2014
posterior-461,gen.1381500,posterior.trees,true,sample,bayesian,substitutions,Sicoli2014
posterior-462,gen.970000,posterior.trees,true,sample,bayesian,substitutions,Sicoli2014
posterior-463,gen.514000,posterior.trees,true,sample,bayesian,substitutions,Sicoli2014
posterior-464,gen.1983000,posterior.trees,true,sample,bayesian,substitutions,Sicoli2014
posterior-465,gen.818000,posterior.trees,true,sample,bayesian,substitutions,Sicoli2014
posterior-466,gen.528500,posterior.trees,true,sample,bayesian,substitutions,Sicoli2014
posterior-467,gen.1228000,posterior.trees,true,sample,bayesian,substitutions,Sicoli2014
posterior-468,gen.827000,posterior.trees,true,sample,bayesian,substitutions,Sicoli2014
posterior-469,gen.1052000,posterior.trees,true,sample,bayesian,substitutions,Sicoli2014
posterior-470,gen.795000,posterior.trees,true,sample,bayesian,substitutions,Sicoli2014
posterior-471,gen.1292500,posterior.trees,true,sample,bayesian,substitutions,Sicoli2014
posterior-472,gen.827500,posterior.trees,true,sample,bayesian,substitutions,Sicoli2014
posterior-473,gen.1898000,posterior.trees,true,sample,bayesian,substitutions,Sicoli2014
posterior-474,gen.1159500,posterior.trees,true,sample,bayesian,substitutions,Sicoli2014
posterior-475,gen.1729500,posterior.trees,true,sample,bayesian,substitutions,Sicoli2014
posterior-476,gen.1147000,posterior.trees,true,sample,bayesian,substitutions,Sicoli2014
posterior-477,gen.1379500,posterior.trees,true,sample,bayesian,substitutions,Sicoli2014
posterior-478,gen.579500,posterior.trees,true,sample,bayesian,substitutions,Sicoli2014
posterior-479,gen.1224500,posterior.trees,true,sample,bayesian,substitutions,Sicoli2014
posterior-480,gen.1001500,posterior.trees,true,sample,bayesian,substitutions,Sicoli2014
posterior-481,gen.1729000,posterior.trees,true,sample,bayesian,substitutions,Sicoli2014
posterior-482,gen.1437000,posterior.trees,true,sample,bayesian,substitutions,Sicoli2014
posterior-483,gen.554000,posterior.trees,true,sample,bayesian,substitutions,Sicoli2014
posterior-484,gen.1209500,posterior.trees,true,sample,bayesian,substitutions,Sicoli2014
posterior-485,gen.1874000,posterior.trees,true,sample,bayesian,substitutions,Sicoli2014
posterior-486,gen.1519000,posterior.trees,true,sample,bayesian,substitutions,Sicoli2014
posterior-487,gen.780000,posterior.trees,true,sample,bayesian,substitutions,Sicoli2014
posterior-488,gen.1742500,posterior.trees,true,sample,bayesian,substitutions,Sicoli2014
posterior-489,gen.1265500,posterior.trees,true,sample,bayesian,substitutions,Sicoli2014
posterior-490,gen.1912500,posterior.trees,true,sample,bayesian,substitutions,Sicoli2014
posterior-491,gen.1999000,posterior.trees,true,sample,bayesian,substitutions,Sicoli2014
posterior-492,gen.1620500,posterior.trees,true,sample,bayesian,substitutions,Sicoli2014
posterior-493,gen.770000,posterior.trees,true,sample,bayesian,substitutions,Sicoli2014
posterior-494,gen.1521000,posterior.trees,true,sample,bayesian,substitutions,Sicoli2014
posterior-495,gen.1424000,posterior.trees,true,sample,bayesian,substitutions,Sicoli2014
posterior-496,gen.522000,posterior.trees,true,sample,bayesian,substitutions,Sicoli2014
posterior-497,gen.1454000,posterior.trees,true,sample,bayesian,substitutions,Sicoli2014
posterior-498,gen.1252000,posterior.trees,true,sample,bayesian,substitutions,Sicoli2014
posterior-499,gen.972000,posterior.trees,true,sample,bayesian,substitutions,Sicoli2014
posterior-500,gen.1338000,posterior.trees,true,sample,bayesian,substitutions,Sicoli2014
posterior-501,gen.1465500,posterior.trees,true,sample,bayesian,substitutions,Sicoli2014
posterior-502,gen.961000,posterior.trees,true,sample,bayesian,substitutions,Sicoli2014
posterior-503,gen.1540000,posterior.trees,true,sample,bayesian,substitutions,Sicoli2014
posterior-504,gen.1195500,posterior.trees,true,sample,bayesian,substitutions,Sicoli2014
posterior-505,gen.1506000,posterior.trees,true,sample,bayesian,substitutions,Sicoli2014
posterior-506,gen.1104500,posterior.trees,true,sample,bayesian,substitutions,Sicoli2014
posterior-507,gen.1718000,posterior.trees,true,sample,bayesian,substitutions,Sicoli2014
posterior-508,gen.967500,posterior.trees,true,sample,bayesian,substitutions,Sicoli2014
posterior-509,gen.1980500,posterior.trees,true,sample,bayesian,substitutions,Sicoli2014
posterior-510,gen.1154000,posterior.trees,true,sample,bayesian,substitutions,Sicoli2014
posterior-511,gen.699000,posterior.trees,true,sample,bayesian,substitutions,Sicoli2014
posterior-512,gen.1938000,posterior.trees,true,sample,bayesian,substitutions,Sicoli2014
posterior-513,gen.879500,posterior.trees,true,sample,bayesian,substitutions,Sicoli2014
posterior-514,gen.1592500,posterior.trees,true,sample,bayesian,substitutions,Sicoli2014
posterior-515,gen.594000,posterior.trees,true,sample,bayesian,substitutions,Sicoli2014
posterior-516,gen.751000,posterior.trees,true,sample,bayesian,substitutions,Sicoli2014
posterior-517,gen.1292000,posterior.trees,true,sample,bayesian,substitutions,Sicoli2014
posterior-518,gen.755500,posterior.trees,true,sample,bayesian,substitutions,Sicoli2014
posterior-519,gen.1258000,posterior.trees,true,sample,bayesian,substitutions,Sicoli2014
posterior-520,gen.630500,posterior.trees,true,sample,bayesian,substitutions,Sicoli2014
posterior-521,gen.909500,posterior.trees,true,sample,bayesian,substitutions,Sicoli2014
posterior-522,gen.939500,posterior.trees,true,sample,bayesian,substitutions,Sicoli2014
posterior-523,gen.501500,posterior.trees,true,sample,bayesian,substitutions,Sicoli2014
posterior-524,gen.695000,posterior.trees,true,sample,bayesian,substitutions,Sicoli2014
posterior-525,gen.1189500,posterior.trees,true,sample,bayesian,substitutions,Sicoli2014
posterior-526,gen.1033500,posterior.trees,true,sample,bayesian,substitutions,Sicoli2014
posterior-527,gen.1703000,posterior.trees,true,sample,bayesian,substitutions,Sicoli2014
posterior-528,gen.1922000,posterior.trees,true,sample,bayesian,substitutions,Sicoli2014
posterior-529,gen.1911000,posterior.trees,true,sample,bayesian,substitutions,Sicoli2014
posterior-530,gen.1066500,posterior.trees,true,sample,bayesian,substitutions,Sicoli2014
posterior-531,gen.1673000,posterior.trees,true,sample,bayesian,substitutions,Sicoli2014
posterior-532,gen.1135000,posterior.trees,true,sample,bayesian,substitutions,Sicoli2014
posterior-533,gen.1842500,posterior.trees,true,sample,bayesian,substitutions,Sicoli2014
posterior-534,gen.1144500,posterior.trees,true,sample,bayesian,substitutions,Sicoli2014
posterior-535,gen.1301500,posterior.trees,true,sample,bayesian,substitutions,Sicoli2014
posterior-536,gen.543000,posterior.trees,true,sample,bayesian,substitutions,Sicoli2014
posterior-537,gen.1782500,posterior.trees,true,sample,bayesian,substitutions,Sicoli2014
posterior-538,gen.747000,posterior.trees,true,sample,bayesian,substitutions,Sicoli2014
posterior-539,gen.1705000,posterior.trees,true,sample,bayesian,substitutions,Sicoli2014
posterior-540,gen.1396500,posterior.trees,true,sample,bayesian,substitutions,Sicoli2014
posterior-541,gen.1401000,posterior.trees,true,sample,bayesian,substitutions,Sicoli2014
posterior-542,gen.1145500,posterior.trees,true,sample,bayesian,substitutions,Sicoli2014
posterior-543,gen.1822500,posterior.trees,true,sample,bayesian,substitutions,Sicoli2014
posterior-544,gen.1021500,posterior.trees,true,sample,bayesian,substitutions,Sicoli2014
posterior-545,gen.1976500,posterior.trees,true,sample,bayesian,substitutions,Sicoli2014
posterior-546,gen.1806500,posterior.trees,true,sample,bayesian,substitutions,Sicoli2014
posterior-547,gen.1093000,posterior.trees,true,sample,bayesian,substitutions,Sicoli2014
posterior-548,gen.1956500,posterior.trees,true,sample,bayesian,substitutions,Sicoli2014
posterior-549,gen.1524000,posterior.trees,true,sample,bayesian,substitutions,Sicoli2014
posterior-550,gen.763000,posterior.trees,true,sample,bayesian,substitutions,Sicoli2014
posterior-551,gen.788000,posterior.trees,true,sample,bayesian,substitutions,Sicoli2014
posterior-552,gen.1865000,posterior.trees,true,sample,bayesian,substitutions,Sicoli2014
posterior-553,gen.902500,posterior.trees,true,sample,bayesian,substitutions,Sicoli2014
posterior-554,gen.1048500,posterior.trees,true,sample,bayesian,substitutions,Sicoli2014
posterior-555,gen.931500,posterior.trees,true,sample,bayesian,substitutions,Sicoli2014
posterior-556,gen.1022000,posterior.trees,true,sample,bayesian,substitutions,Sicoli2014
posterior-557,gen.1233500,posterior.trees,true,sample,bayesian,substitutions,Sicoli2014
posterior-558,gen.596000,posterior.trees,true,sample,bayesian,substitutions,Sicoli2014
posterior-559,gen.662500,posterior.trees,true,sample,bayesian,substitutions,Sicoli2014
posterior-560,gen.788500,posterior.trees,true,sample,bayesian,substitutions,Sicoli2014
posterior-561,gen.1913500,posterior.trees,true,sample,bayesian,substitutions,Sicoli2014
posterior-562,gen.590500,posterior.trees,true,sample,bayesian,substitutions,Sicoli2014
posterior-563,gen.784500,posterior.trees,true,sample,bayesian,substitutions,Sicoli2014
posterior-564,gen.539500,posterior.trees,true,sample,bayesian,substitutions,Sicoli2014
posterior-565,gen.572500,posterior.trees,true,sample,bayesian,substitutions,Sicoli2014
posterior-566,gen.794000,posterior.trees,true,sample,bayesian,substitutions,Sicoli2014
posterior-567,gen.1273500,posterior.trees,true,sample,bayesian,substitutions,Sicoli2014
posterior-568,gen.1368500,posterior.trees,true,sample,bayesian,substitutions,Sicoli2014
posterior-569,gen.1686000,posterior.trees,true,sample,bayesian,substitutions,Sicoli2014
posterior-570,gen.1947000,posterior.trees,true,sample,bayesian,substitutions,Sicoli2014
posterior-571,gen.1856000,posterior.trees,true,sample,bayesian,substitutions,Sicoli2014
posterior-572,gen.854000,posterior.trees,true,sample,bayesian,substitutions,Sicoli2014
posterior-573,gen.815500,posterior.trees,true,sample,bayesian,substitutions,Sicoli2014
posterior-574,gen.1916500,posterior.trees,true,sample,bayesian,substitutions,Sicoli2014
posterior-575,gen.1907000,posterior.trees,true,sample,bayesian,substitutions,Sicoli2014
posterior-576,gen.794500,posterior.trees,true,sample,bayesian,substitutions,Sicoli2014
posterior-577,gen.1948500,posterior.trees,true,sample,bayesian,substitutions,Sicoli2014
posterior-578,gen.714000,posterior.trees,true,sample,bayesian,substitutions,Sicoli2014
posterior-579,gen.1229000,posterior.trees,true,sample,bayesian,substitutions,Sicoli2014
posterior-580,gen.652500,posterior.trees,true,sample,bayesian,substitutions,Sicoli2014
posterior-581,gen.818500,posterior.trees,true,sample,bayesian,substitutions,Sicoli2014
posterior-582,gen.545000,posterior.trees,true,sample,bayesian,substitutions,Sicoli2014
posterior-583,gen.646500,posterior.trees,true,sample,bayesian,substitutions,Sicoli2014
posterior-584,gen.1225000,posterior.trees,true,sample,bayesian,substitutions,Sicoli2014
posterior-585,gen.1754000,posterior.trees,true,sample,bayesian,substitutions,Sicoli2014
posterior-586,gen.1238500,posterior.trees,true,sample,bayesian,substitutions,Sicoli2014
posterior-587,gen.1200000,posterior.trees,true,sample,bayesian,substitutions,Sicoli2014
posterior-588,gen.933000,posterior.trees,true,sample,bayesian,substitutions,Sicoli2014
posterior-589,gen.1102500,posterior.trees,true,sample,bayesian,substitutions,Sicoli2014
posterior-590,gen.900500,posterior.trees,true,sample,bayesian,substitutions,Sicoli2014
posterior-591,gen.1608500,posterior.trees,true,sample,bayesian,substitutions,Sicoli2014
posterior-592,gen.1178000,posterior.trees,true,sample,bayesian,substitutions,Sicoli2014
posterior-593,gen.1330500,posterior.trees,true,sample,bayesian,substitutions,Sicoli2014
posterior-594,gen.644000,posterior.trees,true,sample,bayesian,substitutions,Sicoli2014
posterior-595,gen.1178500,posterior.trees,true,sample,bayesian,substitutions,Sicoli2014
posterior-596,gen.832000,posterior.trees,true,sample,bayesian,substitutions,Sicoli2014
posterior-597,gen.1792500,posterior.trees,true,sample,bayesian,substitutions,Sicoli2014
posterior-598,gen.1467000,posterior.trees,true,sample,bayesian,substitutions,Sicoli2014
posterior-599,gen.1630000,posterior.trees,true,sample,bayesian,substitutions,Sicoli2014
posterior-600,gen.846500,posterior.trees,true,sample,bayesian,substitutions,Sicoli2014
posterior-601,gen.1641000,posterior.trees,true,sample,bayesian,substitutions,Sicoli2014
posterior-602,gen.769500,posterior.trees,true,sample,bayesian,substitutions,Sicoli2014
posterior-603,gen.1287000,posterior.trees,true,sample,bayesian,substitutions,Sicoli2014
posterior-604,gen.1715000,posterior.trees,true,sample,bayesian,substitutions,Sicoli2014
posterior-605,gen.1409500,posterior.trees,true,sample,bayesian,substitutions,Sicoli2014
posterior-606,gen.1935000,posterior.trees,true,sample,bayesian,substitutions,Sicoli2014
posterior-607,gen.1024000,posterior.trees,true,sample,bayesian,substitutions,Sicoli2014
posterior-608,gen.778500,posterior.trees,true,sample,bayesian,substitutions,Sicoli2014
posterior-609,gen.1714000,posterior.trees,true,sample,bayesian,substitutions,Sicoli2014
posterior-610,gen.1637000,posterior.trees,true,sample,bayesian,substitutions,Sicoli2014
posterior-611,gen.1017000,posterior.trees,true,sample,bayesian,substitutions,Sicoli2014
posterior-612,gen.1023000,posterior.trees,true,sample,bayesian,substitutions,Sicoli2014
posterior-613,gen.1727000,posterior.trees,true,sample,bayesian,substitutions,Sicoli2014
posterior-614,gen.504000,posterior.trees,true,sample,bayesian,substitutions,Sicoli2014
posterior-615,gen.1559000,posterior.trees,true,sample,bayesian,substitutions,Sicoli2014
posterior-616,gen.1655500,posterior.trees,true,sample,bayesian,substitutions,Sicoli2014
posterior-617,gen.1998500,posterior.trees,true,sample,bayesian,substitutions,Sicoli2014
posterior-618,gen.1320500,posterior.trees,true,sample,bayesian,substitutions,Sicoli2014
posterior-619,gen.1991500,posterior.trees,true,sample,bayesian,substitutions,Sicoli2014
posterior-620,gen.913500,posterior.trees,true,sample,bayesian,substitutions,Sicoli2014
posterior-621,gen.1271000,posterior.trees,true,sample,bayesian,substitutions,Sicoli2014
posterior-622,gen.706000,posterior.trees,true,sample,bayesian,substitutions,Sicoli2014
posterior-623,gen.722500,posterior.trees,true,sample,bayesian,substitutions,Sicoli2014
posterior-624,gen.1960000,posterior.trees,true,sample,bayesian,substitutions,Sicoli2014
posterior-625,gen.847000,posterior.trees,true,sample,bayesian,substitutions,Sicoli2014
posterior-626,gen.1449500,posterior.trees,true,sample,bayesian,substitutions,Sicoli2014
posterior-627,gen.1527000,posterior.trees,true,sample,bayesian,substitutions,Sicoli2014
posterior-628,gen.877500,posterior.trees,true,sample,bayesian,substitutions,Sicoli2014
posterior-629,gen.653000,posterior.trees,true,sample,bayesian,substitutions,Sicoli2014
posterior-630,gen.1732000,posterior.trees,true,sample,bayesian,substitutions,Sicoli2014
posterior-631,gen.720000,posterior.trees,true,sample,bayesian,substitutions,Sicoli2014
posterior-632,gen.1989000,posterior.trees,true,sample,bayesian,substitutions,Sicoli2014
posterior-633,gen.810500,posterior.trees,true,sample,bayesian,substitutions,Sicoli2014
posterior-634,gen.592500,posterior.trees,true,sample,bayesian,substitutions,Sicoli2014
posterior-635,gen.1899500,posterior.trees,true,sample,bayesian,substitutions,Sicoli2014
posterior-636,gen.1731500,posterior.trees,true,sample,bayesian,substitutions,Sicoli2014
posterior-637,gen.1327000,posterior.trees,true,sample,bayesian,substitutions,Sicoli2014
posterior-638,gen.1028000,posterior.trees,true,sample,bayesian,substitutions,Sicoli2014
posterior-639,gen.1084000,posterior.trees,true,sample,bayesian,substitutions,Sicoli2014
posterior-640,gen.770500,posterior.trees,true,sample,bayesian,substitutions,Sicoli2014
posterior-641,gen.1862000,posterior.trees,true,sample,bayesian,substitutions,Sicoli2014
posterior-642,gen.1566500,posterior.trees,true,sample,bayesian,substitutions,Sicoli2014
posterior-643,gen.1821000,posterior.trees,true,sample,bayesian,substitutions,Sicoli2014
posterior-644,gen.860500,posterior.trees,true,sample,bayesian,substitutions,Sicoli2014
posterior-645,gen.700000,posterior.trees,true,sample,bayesian,substitutions,Sicoli2014
posterior-646,gen.1908500,posterior.trees,true,sample,bayesian,substitutions,Sicoli2014
posterior-647,gen.801000,posterior.trees,true,sample,bayesian,substitutions,Sicoli2014
posterior-648,gen.1069500,posterior.trees,true,sample,bayesian,substitutions,Sicoli2014
posterior-649,gen.999000,posterior.trees,true,sample,bayesian,substitutions,Sicoli2014
posterior-650,gen.1969000,posterior.trees,true,sample,bayesian,substitutions,Sicoli2014
posterior-651,gen.1142500,posterior.trees,true,sample,bayesian,substitutions,Sicoli2014
posterior-652,gen.1310500,posterior.trees,true,sample,bayesian,substitutions,Sicoli2014
posterior-653,gen.1642500,posterior.trees,true,sample,bayesian,substitutions,Sicoli2014
posterior-654,gen.1038500,posterior.trees,true,sample,bayesian,substitutions,Sicoli2014
posterior-655,gen.1822000,posterior.trees,true,sample,bayesian,substitutions,Sicoli2014
posterior-656,gen.1264500,posterior.trees,true,sample,bayesian,substitutions,Sicoli2014
posterior-657,gen.1299000,posterior.trees,true,sample,bayesian,substitutions,Sicoli2014
posterior-658,gen.1133500,posterior.trees,true,sample,bayesian,substitutions,Sicoli2014
posterior-659,gen.510000,posterior.trees,true,sample,bayesian,substitutions,Sicoli2014
posterior-660,gen.1096500,posterior.trees,true,sample,bayesian,substitutions,Sicoli2014
posterior-661,gen.1386500,posterior.trees,true,sample,bayesian,substitutions,Sicoli2014
posterior-662,gen.1422500,posterior.trees,true,sample,bayesian,substitutions,Sicoli2014
posterior-663,gen.1356500,posterior.trees,true,sample,bayesian,substitutions,Sicoli2014
posterior-664,gen.1493500,posterior.trees,true,sample,bayesian,substitutions,Sicoli2014
posterior-665,gen.714500,posterior.trees,true,sample,bayesian,substitutions,Sicoli2014
posterior-666,gen.1471000,posterior.trees,true,sample,bayesian,substitutions,Sicoli2014
posterior-667,gen.1804000,posterior.trees,true,sample,bayesian,substitutions,Sicoli2014
posterior-668,gen.1836000,posterior.trees,true,sample,bayesian,substitutions,Sicoli2014
posterior-669,gen.593500,posterior.trees,true,sample,bayesian,substitutions,Sicoli2014
posterior-670,gen.1216500,posterior.trees,true,sample,bayesian,substitutions,Sicoli2014
posterior-671,gen.857000,posterior.trees,true,sample,bayesian,substitutions,Sicoli2014
posterior-672,gen.1538000,posterior.trees,true,sample,bayesian,substitutions,Sicoli2014
posterior-673,gen.887500,posterior.trees,true,sample,bayesian,substitutions,Sicoli2014
posterior-674,gen.947500,posterior.trees,true,sample,bayesian,substitutions,Sicoli2014
posterior-675,gen.657000,posterior.trees,true,sample,bayesian,substitutions,Sicoli2014
posterior-676,gen.1635000,posterior.trees,true,sample,bayesian,substitutions,Sicoli2014
posterior-677,gen.1886500,posterior.trees,true,sample,bayesian,substitutions,Sicoli2014
posterior-678,gen.862500,posterior.trees,true,sample,bayesian,substitutions,Sicoli2014
posterior-679,gen.1699500,posterior.trees,true,sample,bayesian,substitutions,Sicoli2014
posterior-680,gen.858500,posterior.trees,true,sample,bayesian,substitutions,Sicoli2014
posterior-681,gen.509000,posterior.trees,true,sample,bayesian,substitutions,Sicoli2014
posterior-682,gen.708000,posterior.trees,true,sample,bayesian,substitutions,Sicoli2014
posterior-683,gen.763500,posterior.trees,true,sample,bayesian,substitutions,Sicoli2014
posterior-684,gen.1767500,posterior.trees,true,sample,bayesian,substitutions,Sicoli2014
posterior-685,gen.619500,posterior.trees,true,sample,bayesian,substitutions,Sicoli2014
posterior-686,gen.1034500,posterior.trees,true,sample,bayesian,substitutions,Sicoli2014
posterior-687,gen.749000,posterior.trees,true,sample,bayesian,substitutions,Sicoli2014
posterior-688,gen.1591000,posterior.trees,true,sample,bayesian,substitutions,Sicoli2014
posterior-689,gen.1755000,posterior.trees,true,sample,bayesian,substitutions,Sicoli2014
posterior-690,gen.526000,posterior.trees,true,sample,bayesian,substitutions,Sicoli2014
posterior-691,gen.1485500,posterior.trees,true,sample,bayesian,substitutions,Sicoli2014
posterior-692,gen.959500,posterior.trees,true,sample,bayesian,substitutions,Sicoli2014
posterior-693,gen.1192500,posterior.trees,true,sample,bayesian,substitutions,Sicoli2014
posterior-694,gen.690000,posterior.trees,true,sample,bayesian,substitutions,Sicoli2014
posterior-695,gen.550500,posterior.trees,true,sample,bayesian,substitutions,Sicoli2014
posterior-696,gen.1692500,posterior.trees,true,sample,bayesian,substitutions,Sicoli2014
posterior-697,gen.1343000,posterior.trees,true,sample,bayesian,substitutions,Sicoli2014
posterior-698,gen.1872000,posterior.trees,true,sample,bayesian,substitutions,Sicoli2014
posterior-699,gen.1132500,posterior.trees,true,sample,bayesian,substitutions,Sicoli2014
posterior-700,gen.1408000,posterior.trees,true,sample,bayesian,substitutions,Sicoli2014
posterior-701,gen.642500,posterior.trees,true,sample,bayesian,substitutions,Sicoli2014
posterior-702,gen.649500,posterior.trees,true,sample,bayesian,substitutions,Sicoli2014
posterior-703,gen.1285000,posterior.trees,true,sample,bayesian,substitutions,Sicoli2014
posterior-704,gen.1710000,posterior.trees,true,sample,bayesian,substitutions,Sicoli2014
posterior-705,gen.1423500,posterior.trees,true,sample,bayesian,substitutions,Sicoli2014
posterior-706,gen.1171000,posterior.trees,true,sample,bayesian,substitutions,Sicoli2014
posterior-707,gen.1461000,posterior.trees,true,sample,bayesian,substitutions,Sicoli2014
posterior-708,gen.793500,posterior.trees,true,sample,bayesian,substitutions,Sicoli2014
posterior-709,gen.1972000,posterior.trees,true,sample,bayesian,substitutions,Sicoli2014
posterior-710,gen.1268000,posterior.trees,true,sample,bayesian,substitutions,Sicoli2014
posterior-711,gen.1008000,posterior.trees,true,sample,bayesian,substitutions,Sicoli2014
posterior-712,gen.1340500,posterior.trees,true,sample,bayesian,substitutions,Sicoli2014
posterior-713,gen.1712500,posterior.trees,true,sample,bayesian,substitutions,Sicoli2014
posterior-714,gen.1385000,posterior.trees,true,sample,bayesian,substitutions,Sicoli2014
posterior-715,gen.1230500,posterior.trees,true,sample,bayesian,substitutions,Sicoli2014
posterior-716,gen.1679000,posterior.trees,true,sample,bayesian,substitutions,Sicoli2014
posterior-717,gen.1298500,posterior.trees,true,sample,bayesian,substitutions,Sicoli2014
posterior-718,gen.1877000,posterior.trees,true,sample,bayesian,substitutions,Sicoli2014
posterior-719,gen.1445000,posterior.trees,true,sample,bayesian,substitutions,Sicoli2014
posterior-720,gen.1203500,posterior.trees,true,sample,bayesian,substitutions,Sicoli2014
posterior-721,gen.742000,posterior.trees,true,sample,bayesian,substitutions,Sicoli2014
posterior-722,gen.1478000,posterior.trees,true,sample,bayesian,substitutions,Sicoli2014
posterior-723,gen.1814000,posterior.trees,true,sample,bayesian,substitutions,Sicoli2014
posterior-724,gen.1830000,posterior.trees,true,sample,bayesian,substitutions,Sicoli2014
posterior-725,gen.1059000,posterior.trees,true,sample,bayesian,substitutions,Sicoli2014
posterior-726,gen.654500,posterior.trees,true,sample,bayesian,substitutions,Sicoli2014
posterior-727,gen.1576500,posterior.trees,true,sample,bayesian,substitutions,Sicoli2014
posterior-728,gen.914000,posterior.trees,true,sample,bayesian,substitutions,Sicoli2014
posterior-729,gen.553000,posterior.trees,true,sample,bayesian,substitutions,Sicoli2014
posterior-730,gen.712500,posterior.trees,true,sample,bayesian,substitutions,Sicoli2014
posterior-731,gen.1323500,posterior.trees,true,sample,bayesian,substitutions,Sicoli2014
posterior-732,gen.1161500,posterior.trees,true,sample,bayesian,substitutions,Sicoli2014
posterior-733,gen.1512000,posterior.trees,true,sample,bayesian,substitutions,Sicoli2014
posterior-734,gen.872500,posterior.trees,true,sample,bayesian,substitutions,Sicoli2014
posterior-735,gen.990500,posterior.trees,true,sample,bayesian,substitutions,Sicoli2014
posterior-736,gen.1723500,posterior.trees,true,sample,bayesian,substitutions,Sicoli2014
posterior-737,gen.1375000,posterior.trees,true,sample,bayesian,substitutions,Sicoli2014
posterior-738,gen.1698500,posterior.trees,true,sample,bayesian,substitutions,Sicoli2014
posterior-739,gen.1677000,posterior.trees,true,sample,bayesian,substitutions,Sicoli2014
posterior-740,gen.748500,posterior.trees,true,sample,bayesian,substitutions,Sicoli2014
posterior-741,gen.849000,posterior.trees,true,sample,bayesian,substitutions,Sicoli2014
posterior-742,gen.1280500,posterior.trees,true,sample,bayesian,substitutions,Sicoli2014
posterior-743,gen.977500,posterior.trees,true,sample,bayesian,substitutions,Sicoli2014
posterior-744,gen.1685500,posterior.trees,true,sample,bayesian,substitutions,Sicoli2014
posterior-745,gen.885000,posterior.trees,true,sample,bayesian,substitutions,Sicoli2014
posterior-746,gen.1334500,posterior.trees,true,sample,bayesian,substitutions,Sicoli2014
posterior-747,gen.1957500,posterior.trees,true,sample,bayesian,substitutions,Sicoli2014
posterior-748,gen.1889500,posterior.trees,true,sample,bayesian,substitutions,Sicoli2014
posterior-749,gen.1414500,posterior.trees,true,sample,bayesian,substitutions,Sicoli2014
posterior-750,gen.1715500,posterior.trees,true,sample,bayesian,substitutions,Sicoli2014
posterior-751,gen.1528000,posterior.trees,true,sample,bayesian,substitutions,Sicoli2014
posterior-752,gen.1177500,posterior.trees,true,sample,bayesian,substitutions,Sicoli2014
posterior-753,gen.1771000,posterior.trees,true,sample,bayesian,substitutions,Sicoli2014
posterior-754,gen.1360000,posterior.trees,true,sample,bayesian,substitutions,Sicoli2014
posterior-755,gen.1058000,posterior.trees,true,sample,bayesian,substitutions,Sicoli2014
posterior-756,gen.1335000,posterior.trees,true,sample,bayesian,substitutions,Sicoli2014
posterior-757,gen.609500,posterior.trees,true,sample,bayesian,substitutions,Sicoli2014
posterior-758,gen.1686500,posterior.trees,true,sample,bayesian,substitutions,Sicoli2014
posterior-759,gen.698000,posterior.trees,true,sample,bayesian,substitutions,Sicoli2014
posterior-760,gen.1249500,posterior.trees,true,sample,bayesian,substitutions,Sicoli2014
posterior-761,gen.1406500,posterior.trees,true,sample,bayesian,substitutions,Sicoli2014
posterior-762,gen.1954000,posterior.trees,true,sample,bayesian,substitutions,Sicoli2014
posterior-763,gen.1129000,posterior.trees,true,sample,bayesian,substitutions,Sicoli2014
posterior-764,gen.599500,posterior.trees,true,sample,bayesian,substitutions,Sicoli2014
posterior-765,gen.1444500,posterior.trees,true,sample,bayesian,substitutions,Sicoli2014
posterior-766,gen.1616000,posterior.trees,true,sample,bayesian,substitutions,Sicoli2014
posterior-767,gen.712000,posterior.trees,true,sample,bayesian,substitutions,Sicoli2014
posterior-768,gen.1560000,posterior.trees,true,sample,bayesian,substitutions,Sicoli2014
posterior-769,gen.1626000,posterior.trees,true,sample,bayesian,substitutions,Sicoli2014
posterior-770,gen.1389000,posterior.trees,true,sample,bayesian,substitutions,Sicoli2014
posterior-771,gen.768500,posterior.trees,true,sample,bayesian,substitutions,Sicoli2014
posterior-772,gen.585000,posterior.trees,true,sample,bayesian,substitutions,Sicoli2014
posterior-773,gen.674500,posterior.trees,true,sample,bayesian,substitutions,Sicoli2014
posterior-774,gen.838000,posterior.trees,true,sample,bayesian,substitutions,Sicoli2014
posterior-775,gen.816000,posterior.trees,true,sample,bayesian,substitutions,Sicoli2014
posterior-776,gen.1398000,posterior.trees,true,sample,bayesian,substitutions,Sicoli2014
posterior-777,gen.1397000,posterior.trees,true,sample,bayesian,substitutions,Sicoli2014
posterior-778,gen.1855000,posterior.trees,true,sample,bayesian,substitutions,Sicoli2014
posterior-779,gen.1151000,posterior.trees,true,sample,bayesian,substitutions,Sicoli2014
posterior-780,gen.1652000,posterior.trees,true,sample,bayesian,substitutions,Sicoli2014
posterior-781,gen.1168500,posterior.trees,true,sample,bayesian,substitutions,Sicoli2014
posterior-782,gen.1202500,posterior.trees,true,sample,bayesian,substitutions,Sicoli2014
posterior-783,gen.1921500,posterior.trees,true,sample,bayesian,substitutions,Sicoli2014
posterior-784,gen.1500000,posterior.trees,true,sample,bayesian,substitutions,Sicoli2014
posterior-785,gen.1040000,posterior.trees,true,sample,bayesian,substitutions,Sicoli2014
posterior-786,gen.1161000,posterior.trees,true,sample,bayesian,substitutions,Sicoli2014
posterior-787,gen.1367500,posterior.trees,true,sample,bayesian,substitutions,Sicoli2014
posterior-788,gen.1721000,posterior.trees,true,sample,bayesian,substitutions,Sicoli2014
posterior-789,gen.1954500,posterior.trees,true,sample,bayesian,substitutions,Sicoli2014
posterior-790,gen.1008500,posterior.trees,true,sample,bayesian,substitutions,Sicoli2014
posterior-791,gen.1500500,posterior.trees,true,sample,bayesian,substitutions,Sicoli2014
posterior-792,gen.1486500,posterior.trees,true,sample,bayesian,substitutions,Sicoli2014
posterior-793,gen.1596500,posterior.trees,true,sample,bayesian,substitutions,Sicoli2014
posterior-794,gen.681500,posterior.trees,true,sample,bayesian,substitutions,Sicoli2014
posterior-795,gen.1654000,posterior.trees,true,sample,bayesian,substitutions,Sicoli2014
posterior-796,gen.1050000,posterior.trees,true,sample,bayesian,substitutions,Sicoli2014
posterior-797,gen.1155000,posterior.trees,true,sample,bayesian,substitutions,Sicoli2014
posterior-798,gen.1777000,posterior.trees,true,sample,bayesian,substitutions,Sicoli2014
posterior-799,gen.1209000,posterior.trees,true,sample,bayesian,substitutions,Sicoli2014
posterior-800,gen.1134000,posterior.trees,true,sample,bayesian,substitutions,Sicoli2014
posterior-801,gen.1859500,posterior.trees,true,sample,bayesian,substitutions,Sicoli2014
posterior-802,gen.1222500,posterior.trees,true,sample,bayesian,substitutions,Sicoli2014
posterior-803,gen.1928500,posterior.trees,true,sample,bayesian,substitutions,Sicoli2014
posterior-804,gen.1193000,posterior.trees,true,sample,bayesian,substitutions,Sicoli2014
posterior-805,gen.652000,posterior.trees,true,sample,bayesian,substitutions,Sicoli2014
posterior-806,gen.708500,posterior.trees,true,sample,bayesian,substitutions,Sicoli2014
posterior-807,gen.1437500,posterior.trees,true,sample,bayesian,substitutions,Sicoli2014
posterior-808,gen.1965000,posterior.trees,true,sample,bayesian,substitutions,Sicoli2014
posterior-809,gen.1440500,posterior.trees,true,sample,bayesian,substitutions,Sicoli2014
posterior-810,gen.1669500,posterior.trees,true,sample,bayesian,substitutions,Sicoli2014
posterior-811,gen.1793000,posterior.trees,true,sample,bayesian,substitutions,Sicoli2014
posterior-812,gen.1374000,posterior.trees,true,sample,bayesian,substitutions,Sicoli2014
posterior-813,gen.956500,posterior.trees,true,sample,bayesian,substitutions,Sicoli2014
posterior-814,gen.995500,posterior.trees,true,sample,bayesian,substitutions,Sicoli2014
posterior-815,gen.1778500,posterior.trees,true,sample,bayesian,substitutions,Sicoli2014
posterior-816,gen.1440000,posterior.trees,true,sample,bayesian,substitutions,Sicoli2014
posterior-817,gen.1745500,posterior.trees,true,sample,bayesian,substitutions,Sicoli2014
posterior-818,gen.1391500,posterior.trees,true,sample,bayesian,substitutions,Sicoli2014
posterior-819,gen.1332500,posterior.trees,true,sample,bayesian,substitutions,Sicoli2014
posterior-820,gen.1575000,posterior.trees,true,sample,bayesian,substitutions,Sicoli2014
posterior-821,gen.698500,posterior.trees,true,sample,bayesian,substitutions,Sicoli2014
posterior-822,gen.1631500,posterior.trees,true,sample,bayesian,substitutions,Sicoli2014
posterior-823,gen.1221500,posterior.trees,true,sample,bayesian,substitutions,Sicoli2014
posterior-824,gen.1396000,posterior.trees,true,sample,bayesian,substitutions,Sicoli2014
posterior-825,gen.545500,posterior.trees,true,sample,bayesian,substitutions,Sicoli2014
posterior-826,gen.996500,posterior.trees,true,sample,bayesian,substitutions,Sicoli2014
posterior-827,gen.576500,posterior.trees,true,sample,bayesian,substitutions,Sicoli2014
posterior-828,gen.792500,posterior.trees,true,sample,bayesian,substitutions,Sicoli2014
posterior-829,gen.1995500,posterior.trees,true,sample,bayesian,substitutions,Sicoli2014
posterior-830,gen.499500,posterior.trees,true,sample,bayesian,substitutions,Sicoli2014
posterior-831,gen.899000,posterior.trees,true,sample,bayesian,substitutions,Sicoli2014
posterior-832,gen.552500,posterior.trees,true,sample,bayesian,substitutions,Sicoli2014
posterior-833,gen.1095000,posterior.trees,true,sample,bayesian,substitutions,Sicoli2014
posterior-834,gen.1311000,posterior.trees,true,sample,bayesian,substitutions,Sicoli2014
posterior-835,gen.1526000,posterior.trees,true,sample,bayesian,substitutions,Sicoli2014
posterior-836,gen.1831500,posterior.trees,true,sample,bayesian,substitutions,Sicoli2014
posterior-837,gen.1877500,posterior.trees,true,sample,bayesian,substitutions,Sicoli2014
posterior-838,gen.1860000,posterior.trees,true,sample,bayesian,substitutions,Sicoli2014
posterior-839,gen.1149500,posterior.trees,true,sample,bayesian,substitutions,Sicoli2014
posterior-840,gen.1198500,posterior.trees,true,sample,bayesian,substitutions,Sicoli2014
posterior-841,gen.1364000,posterior.trees,true,sample,bayesian,substitutions,Sicoli2014
posterior-842,gen.1000500,posterior.trees,true,sample,bayesian,substitutions,Sicoli2014
posterior-843,gen.895000,posterior.trees,true,sample,bayesian,substitutions,Sicoli2014
posterior-844,gen.1455500,posterior.trees,true,sample,bayesian,substitutions,Sicoli2014
posterior-845,gen.1693500,posterior.trees,true,sample,bayesian,substitutions,Sicoli2014
posterior-846,gen.1986000,posterior.trees,true,sample,bayesian,substitutions,Sicoli2014
posterior-847,gen.1746500,posterior.trees,true,sample,bayesian,substitutions,Sicoli2014
posterior-848,gen.974000,posterior.trees,true,sample,bayesian,substitutions,Sicoli2014
posterior-849,gen.1407500,posterior.trees,true,sample,bayesian,substitutions,Sicoli2014
posterior-850,gen.861000,posterior.trees,true,sample,bayesian,substitutions,Sicoli2014
posterior-851,gen.1873000,posterior.trees,true,sample,bayesian,substitutions,Sicoli2014
posterior-852,gen.1454500,posterior.trees,true,sample,bayesian,substitutions,Sicoli2014
posterior-853,gen.783500,posterior.trees,true,sample,bayesian,substitutions,Sicoli2014
posterior-854,gen.777500,posterior.trees,true,sample,bayesian,substitutions,Sicoli2014
posterior-855,gen.1992000,posterior.trees,true,sample,bayesian,substitutions,Sicoli2014
posterior-856,gen.1713000,posterior.trees,true,sample,bayesian,substitutions,Sicoli2014
posterior-857,gen.1589000,posterior.trees,true,sample,bayesian,substitutions,Sicoli2014
posterior-858,gen.964500,posterior.trees,true,sample,bayesian,substitutions,Sicoli2014
posterior-859,gen.1984000,posterior.trees,true,sample,bayesian,substitutions,Sicoli2014
posterior-860,gen.560000,posterior.trees,true,sample,bayesian,substitutions,Sicoli2014
posterior-861,gen.701000,posterior.trees,true,sample,bayesian,substitutions,Sicoli2014
posterior-862,gen.1776500,posterior.trees,true,sample,bayesian,substitutions,Sicoli2014
posterior-863,gen.774000,posterior.trees,true,sample,bayesian,substitutions,Sicoli2014
posterior-864,gen.750500,posterior.trees,true,sample,bayesian,substitutions,Sicoli2014
posterior-865,gen.1919000,posterior.trees,true,sample,bayesian,substitutions,Sicoli2014
posterior-866,gen.1788500,posterior.trees,true,sample,bayesian,substitutions,Sicoli2014
posterior-867,gen.1389500,posterior.trees,true,sample,bayesian,substitutions,Sicoli2014
posterior-868,gen.1179500,posterior.trees,true,sample,bayesian,substitutions,Sicoli2014
posterior-869,gen.1749000,posterior.trees,true,sample,bayesian,substitutions,Sicoli2014
posterior-870,gen.1214000,posterior.trees,true,sample,bayesian,substitutions,Sicoli2014
posterior-871,gen.931000,posterior.trees,true,sample,bayesian,substitutions,Sicoli2014
posterior-872,gen.1289000,posterior.trees,true,sample,bayesian,substitutions,Sicoli2014
posterior-873,gen.675500,posterior.trees,true,sample,bayesian,substitutions,Sicoli2014
posterior-874,gen.1372500,posterior.trees,true,sample,bayesian,substitutions,Sicoli2014
posterior-875,gen.904000,posterior.trees,true,sample,bayesian,substitutions,Sicoli2014
posterior-876,gen.1698000,posterior.trees,true,sample,bayesian,substitutions,Sicoli2014
posterior-877,gen.923500,posterior.trees,true,sample,bayesian,substitutions,Sicoli2014
posterior-878,gen.738500,posterior.trees,true,sample,bayesian,substitutions,Sicoli2014
posterior-879,gen.826000,posterior.trees,true,sample,bayesian,substitutions,Sicoli2014
posterior-880,gen.1803000,posterior.trees,true,sample,bayesian,substitutions,Sicoli2014
posterior-881,gen.1261000,posterior.trees,true,sample,bayesian,substitutions,Sicoli2014
posterior-882,gen.728000,posterior.trees,true,sample,bayesian,substitutions,Sicoli2014
posterior-883,gen.754000,posterior.trees,true,sample,bayesian,substitutions,Sicoli2014
posterior-884,gen.1902000,posterior.trees,true,sample,bayesian,substitutions,Sicoli2014
posterior-885,gen.791500,posterior.trees,true,sample,bayesian,substitutions,Sicoli2014
posterior-886,gen.1197000,posterior.trees,true,sample,bayesian,substitutions,Sicoli2014
posterior-887,gen.954500,posterior.trees,true,sample,bayesian,substitutions,Sicoli2014
posterior-888,gen.1536000,posterior.trees,true,sample,bayesian,substitutions,Sicoli2014
posterior-889,gen.1478500,posterior.trees,true,sample,bayesian,substitutions,Sicoli2014
posterior-890,gen.1974500,posterior.trees,true,sample,bayesian,substitutions,Sicoli2014
posterior-891,gen.1823500,posterior.trees,true,sample,bayesian,substitutions,Sicoli2014
posterior-892,gen.1069000,posterior.trees,true,sample,bayesian,substitutions,Sicoli2014
posterior-893,gen.1497000,posterior.trees,true,sample,bayesian,substitutions,Sicoli2014
posterior-894,gen.1180500,posterior.trees,true,sample,bayesian,substitutions,Sicoli2014
posterior-895,gen.500000,posterior.trees,true,sample,bayesian,substitutions,Sicoli2014
posterior-896,gen.1825000,posterior.trees,true,sample,bayesian,substitutions,Sicoli2014
posterior-897,gen.1535500,posterior.trees,true,sample,bayesian,substitutions,Sicoli2014
posterior-898,gen.1584500,posterior.trees,true,sample,bayesian,substitutions,Sicoli2014
posterior-899,gen.1248500,posterior.trees,true,sample,bayesian,substitutions,Sicoli2014
posterior-900,gen.997000,posterior.trees,true,sample,bayesian,substitutions,Sicoli2014
posterior-901,gen.544500,posterior.trees,true,sample,bayesian,substitutions,Sicoli2014
posterior-902,gen.628000,posterior.trees,true,sample,bayesian,substitutions,Sicoli2014
posterior-903,gen.852000,posterior.trees,true,sample,bayesian,substitutions,Sicoli2014
posterior-904,gen.1663500,posterior.trees,true,sample,bayesian,substitutions,Sicoli2014
posterior-905,gen.1240500,posterior.trees,true,sample,bayesian,substitutions,Sicoli2014
posterior-906,gen.1912000,posterior.trees,true,sample,bayesian,substitutions,Sicoli2014
posterior-907,gen.1418000,posterior.trees,true,sample,bayesian,substitutions,Sicoli2014
posterior-908,gen.1447000,posterior.trees,true,sample,bayesian,substitutions,Sicoli2014
posterior-909,gen.565000,posterior.trees,true,sample,bayesian,substitutions,Sicoli2014
posterior-910,gen.574500,posterior.trees,true,sample,bayesian,substitutions,Sicoli2014
posterior-911,gen.643500,posterior.trees,true,sample,bayesian,substitutions,Sicoli2014
posterior-912,gen.1793500,posterior.trees,true,sample,bayesian,substitutions,Sicoli2014
posterior-913,gen.1156000,posterior.trees,true,sample,bayesian,substitutions,Sicoli2014
posterior-914,gen.947000,posterior.trees,true,sample,bayesian,substitutions,Sicoli2014
posterior-915,gen.1371000,posterior.trees,true,sample,bayesian,substitutions,Sicoli2014
posterior-916,gen.1164000,posterior.trees,true,sample,bayesian,substitutions,Sicoli2014
posterior-917,gen.531500,posterior.trees,true,sample,bayesian,substitutions,Sicoli2014
posterior-918,gen.720500,posterior.trees,true,sample,bayesian,substitutions,Sicoli2014
posterior-919,gen.911000,posterior.trees,true,sample,bayesian,substitutions,Sicoli2014
posterior-920,gen.1117500,posterior.trees,true,sample,bayesian,substitutions,Sicoli2014
posterior-921,gen.1757000,posterior.trees,true,sample,bayesian,substitutions,Sicoli2014
posterior-922,gen.773000,posterior.trees,true,sample,bayesian,substitutions,Sicoli2014
posterior-923,gen.1360500,posterior.trees,true,sample,bayesian,substitutions,Sicoli2014
posterior-924,gen.1998000,posterior.trees,true,sample,bayesian,substitutions,Sicoli2014
posterior-925,gen.1459000,posterior.trees,true,sample,bayesian,substitutions,Sicoli2014
posterior-926,gen.1174500,posterior.trees,true,sample,bayesian,substitutions,Sicoli2014
posterior-927,gen.836000,posterior.trees,true,sample,bayesian,substitutions,Sicoli2014
posterior-928,gen.1357500,posterior.trees,true,sample,bayesian,substitutions,Sicoli2014
posterior-929,gen.1257000,posterior.trees,true,sample,bayesian,substitutions,Sicoli2014
posterior-930,gen.769000,posterior.trees,true,sample,bayesian,substitutions,Sicoli2014
posterior-931,gen.1722000,posterior.trees,true,sample,bayesian,substitutions,Sicoli2014
posterior-932,gen.960000,posterior.trees,true,sample,bayesian,substitutions,Sicoli2014
posterior-933,gen.1617500,posterior.trees,true,sample,bayesian,substitutions,Sicoli2014
posterior-934,gen.1377000,posterior.trees,true,sample,bayesian,substitutions,Sicoli2014
posterior-935,gen.1942000,posterior.trees,true,sample,bayesian,substitutions,Sicoli2014
posterior-936,gen.1540500,posterior.trees,true,sample,bayesian,substitutions,Sicoli2014
posterior-937,gen.1010500,posterior.trees,true,sample,bayesian,substitutions,Sicoli2014
posterior-938,gen.1762000,posterior.trees,true,sample,bayesian,substitutions,Sicoli2014
posterior-939,gen.671500,posterior.trees,true,sample,bayesian,substitutions,Sicoli2014
posterior-940,gen.1005000,posterior.trees,true,sample,bayesian,substitutions,Sicoli2014
posterior-941,gen.1346500,posterior.trees,true,sample,bayesian,substitutions,Sicoli2014
posterior-942,gen.875500,posterior.trees,true,sample,bayesian,substitutions,Sicoli2014
posterior-943,gen.519000,posterior.trees,true,sample,bayesian,substitutions,Sicoli2014
posterior-944,gen.1982500,posterior.trees,true,sample,bayesian,substitutions,Sicoli2014
posterior-945,gen.1558500,posterior.trees,true,sample,bayesian,substitutions,Sicoli2014
posterior-946,gen.1871500,posterior.trees,true,sample,bayesian,substitutions,Sicoli2014
posterior-947,gen.524000,posterior.trees,true,sample,bayesian,substitutions,Sicoli2014
posterior-948,gen.1849000,posterior.trees,true,sample,bayesian,substitutions,Sicoli2014
posterior-949,gen.1375500,posterior.trees,true,sample,bayesian,substitutions,Sicoli2014
posterior-950,gen.1026000,posterior.trees,true,sample,bayesian,substitutions,Sicoli2014
posterior-951,gen.1490000,posterior.trees,true,sample,bayesian,substitutions,Sicoli2014
posterior-952,gen.722000,posterior.trees,true,sample,bayesian,substitutions,Sicoli2014
posterior-953,gen.1022500,posterior.trees,true,sample,bayesian,substitutions,Sicoli2014
posterior-954,gen.1190000,posterior.trees,true,sample,bayesian,substitutions,Sicoli2014
posterior-955,gen.1795500,posterior.trees,true,sample,bayesian,substitutions,Sicoli2014
posterior-956,gen.1623000,posterior.trees,true,sample,bayesian,substitutions,Sicoli2014
posterior-957,gen.1216000,posterior.trees,true,sample,bayesian,substitutions,Sicoli2014
posterior-958,gen.507000,posterior.trees,true,sample,bayesian,substitutions,Sicoli2014
posterior-959,gen.1933500,posterior.trees,true,sample,bayesian,substitutions,Sicoli2014
posterior-960,gen.1323000,posterior.trees,true,sample,bayesian,substitutions,Sicoli2014
posterior-961,gen.508500,posterior.trees,true,sample,bayesian,substitutions,Sicoli2014
posterior-962,gen.1919500,posterior.trees,true,sample,bayesian,substitutions,Sicoli2014
posterior-963,gen.1227500,posterior.trees,true,sample,bayesian,substitutions,Sicoli2014
posterior-964,gen.882500,posterior.trees,true,sample,bayesian,substitutions,Sicoli2014
posterior-965,gen.637000,posterior.trees,true,sample,bayesian,substitutions,Sicoli2014
posterior-966,gen.1606500,posterior.trees,true,sample,bayesian,substitutions,Sicoli2014
posterior-967,gen.688500,posterior.trees,true,sample,bayesian,substitutions,Sicoli2014
posterior-968,gen.1173500,posterior.trees,true,sample,bayesian,substitutions,Sicoli2014
posterior-969,gen.814500,posterior.trees,true,sample,bayesian,substitutions,Sicoli2014
posterior-970,gen.911500,posterior.trees,true,sample,bayesian,substitutions,Sicoli2014
posterior-971,gen.1768500,posterior.trees,true,sample,bayesian,substitutions,Sicoli2014
posterior-972,gen.1019500,posterior.trees,true,sample,bayesian,substitutions,Sicoli2014
posterior-973,gen.1730500,posterior.trees,true,sample,bayesian,substitutions,Sicoli2014
posterior-974,gen.1212500,posterior.trees,true,sample,bayesian,substitutions,Sicoli2014
posterior-975,gen.1850000,posterior.trees,true,sample,bayesian,substitutions,Sicoli2014
posterior-976,gen.963000,posterior.trees,true,sample,bayesian,substitutions,Sicoli2014
posterior-977,gen.1308500,posterior.trees,true,sample,bayesian,substitutions,Sicoli2014
posterior-978,gen.1106500,posterior.trees,true,sample,bayesian,substitutions,Sicoli2014
posterior-979,gen.586000,posterior.trees,true,sample,bayesian,substitutions,Sicoli2014
posterior-980,gen.1525000,posterior.trees,true,sample,bayesian,substitutions,Sicoli2014
posterior-981,gen.866500,posterior.trees,true,sample,bayesian,substitutions,Sicoli2014
posterior-982,gen.889000,posterior.trees,true,sample,bayesian,substitutions,Sicoli2014
posterior-983,gen.1431500,posterior.trees,true,sample,bayesian,substitutions,Sicoli2014
posterior-984,gen.1400000,posterior.trees,true,sample,bayesian,substitutions,Sicoli2014
posterior-985,gen.1230000,posterior.trees,true,sample,bayesian,substitutions,Sicoli2014
posterior-986,gen.611500,posterior.trees,true,sample,bayesian,substitutions,Sicoli2014
posterior-987,gen.1078500,posterior.trees,true,sample,bayesian,substitutions,Sicoli2014
posterior-988,gen.1080000,posterior.trees,true,sample,bayesian,substitutions,Sicoli2014
posterior-989,gen.1690000,posterior.trees,true,sample,bayesian,substitutions,Sicoli2014
posterior-990,gen.930000,posterior.trees,true,sample,bayesian,substitutions,Sicoli2014
posterior-991,gen.1989500,posterior.trees,true,sample,bayesian,substitutions,Sicoli2014
posterior-992,gen.1190500,posterior.trees,true,sample,bayesian,substitutions,Sicoli2014
posterior-993,gen.610500,posterior.trees,true,sample,bayesian,substitutions,Sicoli2014
posterior-994,gen.1378500,posterior.trees,true,sample,bayesian,substitutions,Sicoli2014
posterior-995,gen.1222000,posterior.trees,true,sample,bayesian,substitutions,Sicoli2014
posterior-996,gen.1070500,posterior.trees,true,sample,bayesian,substitutions,Sicoli2014
posterior-997,gen.671000,posterior.trees,true,sample,bayesian,substitutions,Sicoli2014
posterior-998,gen.1573000,posterior.trees,true,sample,bayesian,substitutions,Sicoli2014
posterior-999,gen.536000,posterior.trees,true,sample,bayesian,substitutions,Sicoli2014
posterior-1000,gen.1417000,posterior.trees,true,sample,bayesian,substitutions,Sicoli2014
